Code,Name,Address,State,City,Hospital Class,ServiceType,,
 ,DENTAL CENTRES, , , , , ,,
 ,LAGOS ISLAND, , , , , ,,
 , , , , , , ,,
2340264,BONA DENTAL CLINIC,"4TH FLOOR, ELEGANZA BIRO PLAZA, PLOT 634, ADEYEMO ALAKIJA AKIN ADESOLA STREET",LAGOS,VICTORIA ISLAND,BRONZE,DENTAL,,
2340266,DIVINE DENTAL HOME,8B FABAC CLOSE,LAGOS,VICTORIA ISLAND,BRONZE,DENTAL,,
2340270,AQUAGEM DENTAL CLINIC,"7 BABATUNDE JOSE STREET, VICTORIA ISLAND",LAGOS,VICTORIA ISLAND,PLATINUM,DENTAL,,
2340361,DENTAL PLUS LIMITED,"PLOT 255, MURI OKUNOLA STREET, VICTORIA ISLAND, LAGOS",LAGOS,VICTORIA ISLAND,GOLD,DENTAL,,
2341063,MOUTH SPA DENTAL CLINIC,PLOT 234A MURI OKUNOLA STREET VICTORIA ISLAND,LAGOS,VICTORIA ISLAND,BRONZE,DENTAL,,
2341086,CHOICE DENTAL CLINIC,"1378D KARIMU KOTUN STREET(OFF AKIN ADESOLA ST.)VICTORIA ISLAND, LAGOS.",LAGOS,VICTORIA ISLAND,BRONZE,DENTAL,,
2340736,BEACONHILL SMILE CLINIC,"8A ADEOLA ODEKU STREET,VICTORIA ISLAND,LAGOS",LAGOS,VICTORIA ISLAND,SILVER,DENTAL,,
2343914,NOVADENT DENTAL CLINIC,"36 LANDBRIDGE AVENUE UNIT 2, BEHIND PALM MALL(SHOPRITE) ONIRU.",LAGOS,VICTORIA ISLAND,BRONZE,DENTAL,,
2340857,FAMILY DENTAL CARE,1619 danmole street off idejo street off adeola odeku victoria island lagos,LAGOS,VICTORIA ISLAND,PLATINUM,DENTAL,,
2341737,RABBONI DENTAL VICTORIA ISLAND,FMDA BUILDING PLOT 1398B TIAMIYU SALVAGE STREET OPP DSTV OFFICE VICTORIA ISLAND,LAGOS,VICTORIA ISLAND,BRONZE,DENTAL,,
2342714,DULCE 247 DENTAL CLINIC,"4 LIGALI AYORINDE STREET, VI",LAGOS,VICTORIA ISLAND,BRONZE,DENTAL,,
2342840,EXCLUSIVE SMILE,"12B, AGORO ODIYAN STREET, VICTORIA ISLAND, LAGOS",LAGOS,VICTORIA ISLAND,PLATINUM,DENTAL,,
2340553,SMILE 360 DENTAL,"NO 40A CAMERON, IKOYI",LAGOS,IKOYI,PLATINUM,DENTAL,,
2340217,SKKY DENTAL CLINIC,"27B, LUGARD AVENUE",LAGOS,IKOYI,GOLD,DENTAL,,
2340250,FACES N BRACES DENTAL CLINICS,"PLOT 7, AGODOGBA DRIVE, PARK VIEW ESTATE EXTENSION, OFF GERARD RD",LAGOS,IKOYI,GOLD,DENTAL,,
2340251,RICHMOND DENTAL CLINIC,"26, MAITAMA SULE STREET, OFF RAYMOND NJOKU STREET",LAGOS,IKOYI,GOLD,DENTAL,,
2340506,SCHUBBS DENTAL CLINICS,"22B MILVERTON ROAD, IKOYI",LAGOS,IKOYI,PLATINUM,DENTAL,,
2340720,GILGAL DENTAL CLINICS LAGOS,"2 OLAWALE DAUDU ROAD,OFF ALFRED REWANE STREET,IKOYI",LAGOS,IKOYI,GOLD,DENTAL,,
2341294,Andchristie DENTAL clinic,46 RAYMOND NJOKU STREET OFF AWOLOWO ROAD SOUTH WEST IKOYI,LAGOS,IKOYI,BRONZE,DENTAL,,
2341300,Medical and DENTAL Consultants Services,plot l2 adunola house banana island IKOYI lagos,LAGOS,IKOYI,GOLD,DENTAL,,
2342674,AMARA MEDICARE LTD,"202, AWOLOWO ROAD, IKOYI",LAGOS,IKOYI,BRONZE,DENTAL,,
2343852,THE SMILEHUB ORTHODONTIC LTD,"120 AWOLOWO ROAD, IKOYI",LAGOS,IKOYI,PLATINUM,DENTAL,,
2340144,BLANCHE DENTAL CLINIC,"2B ADEBISI POPOOLA CRESCENT, OFF VICTORIA AROBIEKE STREET, LEKKI PHS 1",LAGOS,LEKKI,BRONZE,DENTAL,,
2344041,SMILESDOTCOM DENTAL CLINIC,"3 ADMIRALTY ROAD, LEKKI PHASE 1",LAGOS,LEKKI,GOLD,DENTAL,,
2340178,SS DENTAL CLINIC,4B WOLE OLATEJU CRESCENT OFF ADMIRALTY PHASE 1 LEKKI,LAGOS,LEKKI,GOLD,DENTAL,,
2340734,CALENS DENTAL CLINIC,54 FATAI IDOWU AROBIEKE STREET LEKKI PHASE 1,LAGOS,LEKKI,GOLD,DENTAL,,
2341462,THE RIDGE DENTAL CLINIC ,"Matis Brass Mall, 27 Castle Rock Avenue Osapa Lekki Phase 1",LAGOS,LEKKI,GOLD,DENTAL,,
2341499,All Smiles DENTAL Clinic,"7 TF Kuboye Street , Oniru, VI, Lagos",LAGOS,LEKKI,BRONZE,General,,
2342839,GLAZE DENTAL AND BREATH CLINIC,"17J ADMIRAL AYINLA WAY, LEKKI PHASE 1, LAGOS",LAGOS,LEKKI,BRONZE,DENTAL,,
2343183,HAVEN DENTALS,"D CHERUB MALL, SUITE A9/10. LEKKI-EPE EXPRESSWAY, OPP ALPHA BEACH JUNCTION, LEKKI",LAGOS,LEKKI,BRONZE,OPTICAL,,
2340449,CELON DENTAL,"Akord Shopping Mall (Opposite Old Elemoro Police Station) Km 34, Lekki-Epe expressway Bogije Ibeju-Lekki Lagos Nigeria",LAGOS,LEKKI,BRONZE,DENTAL,,
2343829,MAGICAL SMILES DENTAL AND MAXILLOFACIAL CENTRE,"SUITES 24/25, RINGBACK MALL, MOBIL FILLING STATION, KM36 LEKKI EPE EXPRESSWAY, ORIBANWA, IBEJU LEKKI",LAGOS,LEKKI,BRONZE,OPTICAL,,
2344304,FERAYAN DENTAL AND DERMATOLOGY CLINIC,"5 FOLA OSIBO STREET, LEKKI PHASE 1",LAGOS,LEKKI,BRONZE,DENTAL/ DERMATOLOGY,,
2341164,BOLKINS DENTAL CLINIC LAGOS,"km 22 skiddo bus stop beside lagos high court Ajah, Lagos",LAGOS,AJAH,BRONZE,DENTAL,,
2342507,ORAL DENT DENTAL CLINIC,"E62, IKOTA SHOPPING COMPLEX BY VICTORIA GARDEN CITY AJAH, LAGOS",LAGOS,AJAH,BRONZE,DENTAL,,
2342674,AMARA MEDICARE LTD,"PLOT 76B, ELEGANZA GARDENS(OPPOSITE VGC) LEKKI-EPE EXPRESSWAY, LAGOS",LAGOS,AJAH,BRONZE,DENTAL,,
2342674,AMARA MEDICARE LTD,"FF01 New Era Mall, Cardinal Okogie (Shoprite) road, Sangotedo",LAGOS,AJAH,BRONZE,DENTAL,,
2340802,FINESSE SPECIALIST DENTAL CLINICS AND SURGERY,"JEFERRY PLAZA, LEKKI-EPE EXPRESSWAY, ABRAHAM ADESANYA ROUNDABOUT,  AJAH",LAGOS,AJAH,BRONZE,DENTAL,,
2340144,BLANCHE DENTAL CLINIC,"SUITE K 182, ROAD 5, IKOTA  SHOPPING COMPLEX BY VGC.",LAGOS,AJAH,BRONZE,DENTAL,,
2340686,OSAGIE DENTAL CLINIC,"1ST FLOOR 14,BOYLE STREET,ONIKAN,LAGOS",LAGOS,LAGOS ISLAND,BRONZE,DENTAL,,
2343807,ZETA DENTAL SERVICES,"289 BORNO WAY, EBUTE METTA",LAGOS,LAGOS ISLAND,BRONZE,DENTAL,,
2344265,TBS DENTAL CLINIC,"SHOP 6 TAFAWA BALEWA SQUARE SHOPPING COMPLE, EAST PAVILLION ONIKAN LAGOS",LAGOS,LAGOS ISLAND,BRONZE,DENTAL,,
2344017,Caredent Dental clinic,"The Quad, 20 Layi Yusuf Crescent off Admiralty Way, Lekki Phase 1, Lago",LAGOS,LEKKI,GOLD,DENTAL,,
2345157,SMILECORE DENTAL AND AESTHETIC CLINIC,17 BEN OKAGBUE MBA STREET LEKKI PHASE 1 (lekki i) Ibeju/lekki Lagos Nigeria,LAGOS,LEKKI,BRONZE,DENTAL,,
,,,,,,,,
 ,LAGOS MAINLAND, , , , , ,,
2344057,LUXE DENTAL CLINIC,46 ISSAC JOHN IKEJA GRA,LAGOS,IKEJA,GOLD,DENTAL,,
2340134,ARISTOOTHCRAT DENTAL CLINIC,"25, SALVATION ROAD, OPEBI,IKEJA",LAGOS,IKEJA,BRONZE,DENTAL,,
2345013,Dentified dental care,"13A Methodist church street, Awuse Estate, off salvation Bus Stop, Ikeja Wasimi/opebi/allen Ikeja Lagos Nigeria",LAGOS,IKEJA,BRONZE,DENTAL,,
2340136,HYGEI DENTAL AND EYE CLINIC,"14, SOWEMIMO STREET G.R.A. IKEJA",LAGOS,IKEJA,BRONZE,DENTAL,,
2340138,MICHEL DENTAL CLINIC,"LAGOS PRINTING CORPORATION SHOPPING MALL, 133 OBAFEMI AWOLOWO WAY",LAGOS,IKEJA,BRONZE,DENTAL,,
2340382,SNOWHITE DENTAL CLINIC,9 NURUDEEN STREET ANIFOWOSHE IKEJA LAGOS,LAGOS,IKEJA,BRONZE,DENTAL,,
2340770,CARE 32 DENTAL CLINIC,15 OSOLO WAY AIRPORT ROAD AJAO ESTATE,LAGOS,IKEJA,SILVER,DENTAL,,
2341124,BUILDING SMILES DENTAL CLINIC,70 OPEBI ROAD IKEJA,LAGOS,IKEJA,BRONZE,DENTAL,,
2341211,NENE DENTAL,26 ALLEN AVENUE,LAGOS,IKEJA,PLATINUM,DENTAL,,
2341427,Beaconhill Smile Clinic Ikeja,"50 - 52 toyin street opposite dominos pizza,ikeja",LAGOS,IKEJA,BRONZE,DENTAL,,
2341723,TEETH CITY DENTAL SPECIALIST CLINICS,18A ELERUWA STREET WEMABOD ESTATE AJAO ROAD OFF ADENIYI JONES AVENUE IKEJA LAGOS,LAGOS,IKEJA,BRONZE,DENTAL,,
2341753,IVY DENTAL SERVICES,39 ADEMIJI STREET OFF ODUSAMI OFF WEMPCO ROAD OGBA LAGOS,LAGOS,IKEJA,BRONZE,DENTAL,,
2342672,CANAN DENTAL CLINIC,"5A SAEGBON STREET, IKEJA GRA LAGOS",LAGOS,IKEJA,GOLD,DENTAL,,
2340144,BLANCHE DENTAL CLINIC,"7 JOSEPH STREET, OFF OPEBI LINK ROAD. IKEJA",LAGOS,IKEJA,BRONZE,DENTAL,,
2342777,BREEZE SMILE DENTAL SPECIALIST CLINIC,70C ALLEN AVENUE NIKKY AFRICANA PLAZA IKEJA,LAGOS,IKEJA,BRONZE,DENTAL,,
2343832,VITAL HOPE DENTAL CLINIC,"SUITE 107 ADENIYI JONES, MEDPLUS PHARMACY/EYE CLINIC BUILDING, IKEJA",LAGOS,IKEJA,BRONZE,DENTAL,,
2344254,RAVE DENTAL CLINIC,"5b college road, oyemekun bus/stop ogba",LAGOS,OGBA,BRONZE,DENTAL,,
2340176,ROBERTS DENTAL,"19, OGUNLANA DRIVE, OFF OJULEGBA LAWANSON ROAD, SURULERE",LAGOS,SURULERE,BRONZE,DENTAL,,
2340244,SPECTRUM DENTAL SURGERY,"18, OLATUNDE ONIMOLE STR",LAGOS,SURULERE,BRONZE,DENTAL,,
2340549,SMILEY DENTAL CLINIC,"105 AKERELE STREET, SURULERE",LAGOS,SURULERE,BRONZE,DENTAL,,
2340722,GREEN FOUNTAIN DENTAL CLINIC,19 OYEKAN ROAD OFF AKERELE OGUNLANA DRIVE SURULERE,LAGOS,SURULERE,BRONZE,DENTAL,,
2341309,AIRE DENTAL CLINIC,"30 ENITAN STREET AGUDA SURULERE, LAGOS",LAGOS,SURULERE,BRONZE,DENTAL,,
2341718,KOTS INTEGRATED SERVICES,104 OGUNLANA DRIVE SURULERE,LAGOS,SURULERE,BRONZE,DENTAL,,
2342429,IHOUSE OPTICAL AND DENTAL CLINIC LTD SURULERE,"8 AFRIC ROAD, SURULERE IOPRI",LAGOS,SURULERE,BRONZE,DENTAL,,
2343151,ROPERB DENTAL CLINIC,"47, Adelabu Street, Off Masha Roundabout, ",LAGOS,SURULERE,BRONZE,DENTAL,,
2344382,PULPCARE DENTAL,No 1 Aderibigbe street,LAGOS,SURULERE,BRONZE,DENTAL,,
2343780,IWOSAN DENTAL CLINIC,"73 ITIRE ROAD, SURULERE",LAGOS,SURULERE,BRONZE,DENTAL,,
2340431,RABBONI DENTAL,HOUSE 2 G CLOSE 21 ROAD FESTAC TOWN,LAGOS,FESTAC TOWN,BRONZE,DENTAL,,
2340510,TOOTHCOM,Plot 352 durbar road beside affordable place mile 2 Amuwo odofin lagos,LAGOS,FESTAC TOWN,BRONZE,DENTAL,,
2341179,SPARKLE DENTAL CLINIC,"House 42 on 2nd Avenue, at 208 Road bustop, Festac",LAGOS,FESTAC TOWN,BRONZE,DENTAL,,
2341200,HILTON DENTAL SERVICES AND CONSULTANCY LTD,BLK 14 PLT 221 CHIEF SUNNY OGBEIDE CLOSE DIAMOND ESTATE AMUWO ODOFIN LAGOS,LAGOS,FESTAC TOWN,BRONZE,DENTAL,,
2340127,KOPUL DENTAL CLINIC,"Amuwo odofin maternal and child hospital,first avenue by first gate,festac Town",LAGOS,FESTAC TOWN,BRONZE,DENTAL,,
2340124,WHITEGOLD DENTAL CLINIC,"41, OYEDELE OGUNNIYI STREET, ANTHONY VILLAGE",LAGOS,ANTHONY VILLAGE,BRONZE,DENTAL,,
2340586,HAVILLA DENTAL CLINIC,"2B, Ladipo Olukoya Street, off, Olorunlogbon Street, Anthony, Lagos.",LAGOS,ANTHONY VILLAGE,GOLD,DENTAL,,
2340959,ORTHOPLUS DENTAL,"10 Mobolaji Bank Anthony Way, Maryland, Lagos",LAGOS,ANTHONY VILLAGE,PLATINUM,DENTAL,,
2340361,DENTAL PLUS LIMITED,No 2 deji odunuga street Anthony village,LAGOS,ANTHONY VILLAGE,GOLD,DENTAL,,
2340958,SOLACE DENTAL CLINICS,"502, Ikorodu road, Opposite Ecobank, Ketu Bus-Stop Agboyi-Ketu LCDA, Ketu",LAGOS,KETU,BRONZE,DENTAL,,
2341442,INLAND DENTAL CLINIC,11 12 BOLA OWODUNNI STREET BEHIND ESKAY FILLING STATTION ALAPERE KETU,LAGOS,KETU,BRONZE,DENTAL,,
2342659,PLATINUM DENTAL SURGERY,"106, ALADELOLA STREET IKOSI KETU",LAGOS,KETU,BRONZE,DENTAL,,
2342856,BEYOND SMILE DENTAL CLINIC,"99 DEMURIN STREET, ALAPERE, KETU",LAGOS,KETU,BRONZE,DENTAL,,
2341966,DE VICTORY SPECIALIST DENTAL,"15, ILUPEJU ESTATE OFF ABULE EKO, IJEDE IKORODU LAGOS",LAGOS,IKORODU,BRONZE,DENTAL,,
2341297,Oasis DENTAL Clinic Limited,10 Mabinuori Dawodu Street gbagada phase1,LAGOS,GBAGADA,BRONZE,DENTAL,,
2341599,BRITE SMILES DENTAL,Suite 14 Jabita Court 136 Alake Onile-Ere Crescent Gbagada Phase II,LAGOS,GBAGADA,PLATINUM,DENTAL,,
2343598,DAY DENTAL SPECIALISTS,"7B MABINUORI DAUDA STREET, GBAGADA",LAGOS,GBAGADA,BRONZE,DENTAL,,
2343941,SIGNATURE SMILES CLINIC,32 diya Street Gbagada Lagos,LAGOS,GBAGADA,BRONZE,DENTAL,,
2340515,DENTAL AND MAXILLOFACIAL SURGERY CLINIC," Plot 274, Lanre Awolokun, Gbagada phase 2, Lagos",LAGOS,GBAGADA,BRONZE,DENTAL,,
2341273,ODONTOVILLE DENTAL CLINICS,14 TOWN PLANNING WAY ILUPEJU LAGOS,LAGOS,ILUPEJU,PLATINUM,DENTAL,,
2342774,FIRST CONSULTANT DENTAL CLINIC,"20/22 ILUPEJU BYPASS, 2ND FLOOR, TEJU HOSPITAL, OPP SWEET SENSATION, ILUPEJU ESTATE",LAGOS,ILUPEJU,BRONZE,DENTAL,,
2340161,ROYASH DENTAL CLINIC,"10, OGUNUSI ROAD, OGBA, IKEJA",LAGOS,OGBA,GOLD,DENTAL,,
2340575,EVANS DENTAL SERVICES LTD,"AJAYI ROAD,OFF YAYA ABATAN ROAD OGBA",LAGOS,OGBA,BRONZE,DENTAL,,
2342899,MID DENTAL CLINIC,"26 AJAYI ROAD, OFF YAYA ABATAN ROAD",LAGOS,OGBA,BRONZE,DENTAL,,
2344548,R JOLAD DENTAL CLINIC,"No 5, Safuratu Sekoni Street, New Garage, Gbagada, lagos",LAGOS,GBAGADA,GOLD,DENTAL,,
2344550,DENTAL AND MAXILLOFACIAL SURGERY,"Plot 274, Lanre Awolokun, Gbagada phase 2, Lagos",LAGOS,GBAGADA,BRONZE,DENTAL,,
2340802,FINESSE SPECIALIST DENTAL CLINICS AND SURGERY,MUFSUF PLAZA NO 185 LAGOS ABEOKUTA EXPRESS WAY IYANA IPAJA BUS STOP.,LAGOS,IPAJA,BRONZE,DENTAL,,
2341241,IHOUSE OPTICAL AND DENTAL CLINIC LTD,"BLOCK 35, PLOT C AREA 4OPIC ESTATE AGBARA BESIDE THE VIO OFFICE",LAGOS,AGBARA,BRONZE,DENTAL,,
2341274,ROPHEKA MEDICAL AND DENTAL HOSPITAL,14A OLALEKAN STREET BACCRY BUS STOP OFF AKOWONJO ROAD AKOWONJO,LAGOS,AKOWONJO,BRONZE,DENTAL,,
2341692,BRIGHTHOUSE DENTAL AND EYE CLINIC,"Divino Plaza , 1 Chivita Avenue , by 2/4 Jay Momoh Street , Ajao Estate",LAGOS,ISOLO,BRONZE,DENTAL,,
2344333,OLLYTON DENTAL CLINIC,3 AWONIYI ELEMO STREET AJAO ESTATE. LAGOS STATE,LAGOS,AJAO ESTATE,BRONZE,DENTAL,,
2344126,TOOTH ANGEL DENTAL CLINIC,"14B BOLA SIPEADE STREET, LAKEVIEW PHASE 1 ESTATE, AMUWO ODOFIN, ",LAGOS,AMUWO ODOFIN,BRONZE,DENTAL,,
2341720,DE FAVOURS DENTAL CLINIC,118 OGUDU ROAD OJOTA LAGOS BESIDE CCD SUPERSTORE AFTER ECO BANK,LAGOS,OGUDU,BRONZE,DENTAL,,
2341767,ASMAN DENTAL CLINIC,10 BARIKISU IYEDE STREET ONIKE ROUNDABOUT ONIKE YABA,LAGOS,YABA,BRONZE,DENTAL,,
2342925,FIRST MOBILE DENTAL CARE,"44B MONTGOMERY ROAD, YABA",LAGOS,YABA,BRONZE,DENTAL,,
2343152,PERLE DENTAL CLINIC,"SUITE 10 VETERANS PLAZA, 433 HERBERT MACAULAY WAY, YABA, LAGOS",LAGOS,YABA,BRONZE,DENTAL,,
2342874,SOLID ROCK HOSPITAL DENTAL CLINIC,"6 AKINSANYA STREET, OFF OGUNNUSI ROAD, OJODU, IKEJA",LAGOS,OJODU,PLATINUM,DENTAL,,
2342888,PEVE DENTAL CLINIC,"51 IJU ROAD, PEN CINEMA, AGEGE",LAGOS,AGEGE,BRONZE,DENTAL,,
2342986,BLUECARE DENTAL CLINIC,"63 ODUDUWA STREET, ODUDUWA BUS STOP, OFF GOVERNOR ROAD, IKOTUN",LAGOS,IKOTUN,BRONZE,DENTAL,,
2343115,DE TWIST DENTAL SPECIALISTS CLINIC,"PLOT 1 BLOCK 21A ABBA SAOGE ROAD ON CMD ROAD, OPP OTEDOLA BRIDGE, MAGODO",LAGOS,MAGODO,BRONZE,DENTAL,,
2343830,KLARITY DENTAL,"144 EGBEDA IDIMU ROAD, SELIAT BUS STOP, EGBEDA, LAGOS, 1ST FLOOR",LAGOS,EGBEDA,BRONZE,DENTAL,,
2344087,OPTIMIST DENTAL CLINIC,"147/149, EKORO ROAD POPOOLA BUSTOP, ABULE EGBA",LAGOS,ABULE EGBA,BRONZE,DENTAL,,
2343869,SMILE EMBASSY DENTAL SPECIALIST CLINIC,"190/191 IKORODU ROAD, ONIPANU",LAGOS,GBAGADA/BARIGA/SOMOLU,BRONZE,DENTAL,,
2344266,GT DENTAL SPECIALIST LTD,42 ASSOCIATION AVENUE ILUPEJU BY OBANIKORO BUSSTOP LAGOS,LAGOS,ANTHONY VILLAGE/MARYLAND/OBANIKORO,BRONZE,DENTAL,,
2344267,RENAY DENTAL CLINIC,"No 5,Alhaji Amoo street off Ogudu Road Ojota Lagos",LAGOS,OGUDU/OJOTA,BRONZE,DENTAL,,
 , , , , , , ,,
 ,UPCOUNTRY, , , , , ,,
2340497,SUMMIT DENTAL CLINIC,SUITE B10 TSWANYA CENTRE,ABUJA,GARKI,SILVER,DENTAL,,
2341304,Urbane DENTAL Clinic,"Inside Amana Hospital, 5 Ilorin street, off Ogbomoso street, Garki Area 8",ABUJA,GARKI,BRONZE,DENTAL,,
2342731,PAN ORAL DENTAL CLINICS LIMITED,"COMMUNAL CENTRE, NNPC STAFF QUARTERS, OFF AHMADU BELLO WAY, AREA 2, GARKI, ABUJA",ABUJA,GARKI,BRONZE,DENTAL,,
2344149,BELLEVUE DENTAL LTD,"No 169 ADETOKUNBO ADEMOLA CRESCENT, WUSE II, ABUJA",ABUJA,WUSE,GOLD,DENTAL,,
2341289,IVORY DENTAL CARE LIMITED,OFF GIMBYA STREET GARKI ABUJA,ABUJA,GARKI,SILVER,DENTAL,,
2340554,ALPHA HILLS DENTAL CLINICS,"PLOT 22 ALGIERS STREETS, OPP HIGH COURT OF JUSTICE, ZONE 5, WUSE ABUJA",ABUJA,WUSE,BRONZE,DENTAL,,
2342698,ROYAL SPECIALIST DENTAL CLINIC,"15-21, ALEX EKWUEME WAY INSIDE NISA HOSPITAL P O BOX 7320, WUSE, ABUJA",ABUJA,WUSE,BRONZE,DENTAL,,
2341215,REGAL DENTAL CLINIC,GWANI CRESCENT WUSE ZONE 4,ABUJA,WUSE,GOLD,DENTAL,,
2341222,DAZZLE DENTAL CLINICS LIMITED,"inside Amana Hospital, 5 Ilorin street, off Ogbomoso street, Garki Area 8",ABUJA,WUSE,BRONZE,DENTAL,,
2340085,BETHEL DENTAL CLINIC,NO 26 MONROVIA STREET OPPOSITE NIGERIAN TULIP TURKISH INTERNATIONAL COLLEGES WUSE 2 ABUJA,ABUJA,WUSE,BRONZE,DENTAL,,
2341327,ORO FACIAL DENTAL PRACTICE CLINIC,FIRST FLOOR GROUND SQUARE BUILDING CENTRAL BUSINESS DISTRICT ABUJA,ABUJA,CBD,BRONZE,DENTAL,,
,ORO FACIAL DENTAL PRACTICE CLINIC,"FIRST FLOOR, CEDAR CREST HOSPITAL APO, NO 2 SAM MBAKWE STREET, APO GUDU",ABUJA,APO,BRONZE,DENTAL,,
,ORO FACIAL DENTAL PRACTICE CLINIC,"CEDAR CREST HOSPITAL GWARINPA, NO 10 SHEIK ISMAIL STREET, ROAD 131, 1ST AVENUE GWARINPA",ABUJA,GWARINPA,BRONZE,DENTAL,,
2340068,IDEAL DENTAL SERVICES,"BASEMENT FLOOR, CEDDI PLAZA, PLOT 264 TAFAWA BALEWA WAY, CENTRAL ARE",ABUJA,CBD,BRONZE,DENTAL,,
2344207,2TSHIE DENTAL CLINIC,"SHOP 2 NOVARE MALL, APO ABUJA",ABUJA,APO,GOLD,DENTAL,,
2342939,PURE SNOW DENTAL CLINIC,"DIFF MEDICAL CENTRE, NO 10 DIFF ROAD, GUDU ABUJA",ABUJA,GUDU,BRONZE,DENTAL,,
2341422,KIM AND KREST DENTAL CLINIC,SUIT 105 FIRST FLOOR THE CAPITAL HUB,ABUJA,JABI,BRONZE,DENTAL,,
2340144,BLANCHE DENTAL CLINIC,"84 KWAME NKRUMAH CRESCENT, ASOKORO. ABUJA",ABUJA,ASOKORO,BRONZE,DENTAL,,
2344073,GLOW DENTAL CLINIC,"HIGHBURY PLAZA, GADO NASKO WAY, KUBWA",ABUJA,KUBWA,BRONZE,DENTAL,,
2343112,GLOXYGEN DENTAL CARE ,"PLOT 148A OPPOSITE BREAD AND MORE, FIRST AVENUE, FHA, LUGBE, AIRPORT ROAD, ABUJA",ABUJA,LUGBE,BRONZE,DENTAL,,
2340576,TOPAZ DENTAL CLINIC,"PRINCE AND PRINCESS ESTATE, DRIVE 5 HOUSE 29 ABUJA",ABUJA,ABUJA,BRONZE,DENTAL,,
2343863,BAMED DENTAL CLINIC MAITAMA,NOS 2 LIMPOPO STREET MAITAMA ABUJA,ABUJA,MAITAMA,BRONZE,DENTAL,,
2343821,SMILE 360 DENTAL SPECIALISTS ABUJA CENTRE,"5A NYASA CLOSE, OFF ONTARIO CRESENT, OFF MISSISSIPI STREET, MAITAMA",ABUJA,MAITAMA,PLATINUM,DENTAL,,
2344249,ZOOM 36 DENTAL CLINIC ABUJA,"SUITE 47, 1ST FLOOR, DE AVALON PLAZA AJOBE ADEOGUN STREET UTAKO",ABUJA,JABI,BRONZE,DENTAL,,
2345253,FALASH DENTAL CLINIC,"PLOT 395, SUITE 16, GUJJA HOUSE, AUGUSTUS AIKHOMU ,UTAKO,FCT,ABUJA Utako Abuja municipal area council FCT Nigeria",ABUJA,UTAKO,BRONZE,DENTAL,info@falashdental.com.ng,7042510444
2342854,PEDODENT DENTAL CLINIC,"Suite 303A, NAWA Complex, 105/107 Ahmadu Bello way, Kado-Kuchi Abuja",ABUJA,KADO- KUCHI,BRONZE,DENTAL,,
 , , , , , , ,,
2340306,ESTEEM DENTAL CLINIC,"42, ISIOKPO STREET D LINE",RIVERS,PORT HARCOURT,BRONZE,DENTAL,,
2340312,BEST SMILEZ DENTAL CLINIC,"4 NZIMIRO STREET, OLD GRA, PORT HARCOURT",RIVERS,PORT HARCOURT,BRONZE,DENTAL,,
2340314,CIMBAK DENTAL CLINIC,"15, EKERE STREET, RUMUOBIAKANI",RIVERS,PORT HARCOURT,BRONZE,DENTAL,,
2340503,BONA DENTAL CLINIC RIVERS,"DR. PETER ODILI ROAD, PORT HARCOURT",RIVERS,PORT HARCOURT,GOLD,DENTAL,,
2340658,SMILE EVOLUTION DENTAL CARE CLINIC,"NO 4,AMADI AMA LAYOUT, OPPOSITE RAINBOW TOWN,RIVERS STATE",RIVERS,PORT HARCOURT,GOLD,DENTAL,,
2344321,ROYAL SMILE DENTAL CLINIC,"107 WOJI ESTATE ROAD,YKC ROUNDABOUT,WOJI-PORTHARCOURT",RIVERS STATE,PORTHARCOURT,BRONZE,DENTAL,,
2341043,MYRA DENTAL CLINIC (NIG) LTD,"CLOSE 2, BLOCK 8B, ELEKAHIA HOUSING ESTATE PORT HARCOURT",RIVERS,PORT HARCOURT,BRONZE,DENTAL,,
2341258,3J DENTAL CLINIC LTD,"PLOT 101 EAST-WEST ROAD RUMUODARA, PORT HARCOURT",RIVERS,PORT HARCOURT,GOLD,DENTAL,,
2341281,HEBGREEN DENTAL CLINIC,"NO 19 AFAM STREET, OFF KADUNA STREET D/LINE PORT HARCOURT",RIVERS,PORT HARCOURT,BRONZE,DENTAL,,
2341340,WHYTEVILLE DENTAL CLINIC,NO 9 STADIUM ROAD BY NOVOTEL HOTEL PORT HARCOURT,RIVERS,PORT HARCOURT WOJI TOWN,BRONZE,DENTAL,,
2341497,TRUE SMILE DENTAL CLINIC,NO 50 WOJI ROAD BESIDE RAILWAY OFF OLD ABA ROAD PORT HARCOURT,RIVERS,PORT HARCOURT WOJI,BRONZE,DENTAL,,
2341557,JOMAS DENTAL CLINIC,91 Ada George between royal dynasty filling station and Mouka foam PORT HARCOURT,RIVERS,PORT HARCOURT,BRONZE,DENTAL,,
2342738,BOLKINS DENTAL CLINIC PORT HARCOURT,"3RD FLOOR PRIME MEDICAL CONSULTANTS 4, PRIME CLOSE PH",RIVERS,PORT HARCOURT,BRONZE,DENTAL,,
2340538,GILGAL DENTAL CENTER,"7 IHAMA ROAD, GRA, BENIN CITY",BENIN,BENIN,BRONZE,DENTAL,,
2343798,ROS DENTAL CLINIC,"5 AGUDAMA STR, D LINE",RIVERS,PORT HARCOURT,BRONZE,DENTAL,,
2344294,PRETTY SMILE DENTAL CLINIC LTD,"NTA/CHOBA ROAD, OZUOBA BY BAKERY JUNCTION",RIVERS,PORT HARCOURT,BRONZE,DENTAL,,
2344295,ZOOM 36 DENTAL CARE,"1 OPOBO CRESCENT,NEW GRA",RIVERS,PORT HARCOURT,BRONZE,DENTAL,,
2344301,CUTESMILE DENTAL CARE LIMITED,"29 RUMUADOLU RUMUOLA ROAD,PORTHARCOURT",RIVERS,PORT HARCOURT,BRONZE,DENTAL,,
2344303,FIRSTGATE DENTAL CLINIC LIMITED,"4A HARLEY STREET ,OLD GRA",RIVERS,PORT HARCOURT,BRONZE,DENTAL,,
2340995,TRUE SMILES DENTAL CLINIC,"27 NEW ROAD OPPOSITE FINIMA GIRLS SECONDARY SCHOOL, BONNY ISLAND",RIVERS,ABONNEMA,BRONZE,DENTAL,,
2344322,STARLYKE DENTAL CLINIC,"443 IKWERRE ROAD,KALA BUS STOP",RIVERS STATE,PORTHARCOURT,BRONZE,DENTAL,,
2344345,BLOSSOM DENTAL CLINIC AND BRACES CENTRE LTD,"94 ABA ROAD OPPOSITE MTN OFFICE,GARRISON PORTHARCOURT",RIVERS STATE,PORTHARCOURT,BRONZE,DENTAL,,
,,,,,,,,
,,,,,,,,
 , , , , , , ,,
2340539,TEEM CLINIC AND DENTAL CENTER,"45 NNPC HOUSING COMPLEX ROAD, WARRI",DELTA,WARRI,BRONZE,DENTAL,,
2340926,DENTOBA DENTAL CLINIC,NO 7 OBADA CLOSE OFF REFINERY ROAD BY HOTEL EXCEL EFFURUN DELTA STATE,DELTA,WARRI,BRONZE,DENTAL,,
2341684,LABELLE DENTAL CLINIC,NO 59 HOSPITAL ROAD EKPAN WARRI,DELTA,WARRI,BRONZE,DENTAL,,
2341371,FAVCOV DENTAL CLINIC,NO 72 UGBERIKOKO ROAD INSIDE IKANONE ESTATE OFF GANA,DELTA,SAPELE,BRONZE,DENTAL,,
2341394,BLUE CROSS DENTAL CLINIC,NO 2 NNEKA NWACHUKWU CLOSE OF AMB LEO OKOGWU STR. ASABA,DELTA,ASABA,BRONZE,DENTAL,,
2343903,BEAM DENTAL CLINIC,"21 UDU ROAD OPPOSITE UDU MOTOR PARK Shop 3, Delta Mall",DELTA,WARRI,BRONZE,DENTAL,,
,,,,,,,,
2340538,GILGAL DENTAL CENTER,15 Ihama Road,EDO,BENIN,BRONZE,GENERAL,,
2340881,RAINBOW DENTAL CLINIC,"5A IGUN STREET, OFF SAKPONBA ROAD",EDO,BENIN,GOLD,DENTAL,,
 , , , , , , ,,
 , , , , , , ,,
2340388,CHRISTAIN DENTAL CLINIC,"24 AZIKIWE ROAD, UMUAHIA",ABIA,UMUAHIA,BRONZE,DENTAL,,
2345030,DR COLE PERFECT SMILE DENTAL CLINIC,"291 Aba Owerri Road, Abayi Aba Umueze ii Osisioma ngwa Abia",ABIA,UMUAHIA,BRONZE,DENTAL,,
,,,,,,,,
2340466,AUSTINE GRACES DENTAL CLINIC,"16 UMUNACHI STREET, NEW HAVEN, ENUGU",ENUGU,ENUGU,BRONZE,DENTAL,,
2341221,KAPPA DENTAL SERVICES LIMITED,"6B AMAWUBIA CLOSE NEW HAVEN,ENUGU",ENUGU,ENUGU,BRONZE,DENTAL,,
2340604,PEARL DENTAL AND BRACES CENTRE,"1 IMPERIAL HOSPITAL DRIVE, CHINA TOWN BUS STOP, OGUI, ENUGU",ENUGU,ENUGU,BRONZE,DENTAL,,
 , , , , , , ,,
2344075,MENDITH DENTAL AND SURGERY,"29B AFAHA EKET ROAD, EKET",AKWA IBOM,EKET,SILVER,DENTAL,,
2341042,SMILE WELL DENTAL CLINIC LIMITED,"NO 405 ORON ROAD, BY DAN BASSEY STREET MBIABONG UYO",AKWA IBOM,UYO,BRONZE,DENTAL,,
2344086,SOZO DUNAMIS DENTAL CLINIC,"45 Uruan Street, Off Nwaniba Road Uyo",AKWA-IBOM STATE,UYO,BRONZE,DENTAL,,
,,,,,,,,
2340709,VINCITORE DENTAL CLINIC,"96 MCC ROAD,CALABAR",CROSS RIVER,CALABAR,BRONZE,DENTAL,,
,,,,,,,,
2340594,BOZID DENTAL CLINIC,SUITE S8 JOSBEED MALL ASHI-BODIJA ROAD IBADAN,OYO,IBADAN,BRONZE,DENTAL,,
2341216,IREAYO DENTAL CLINIC,BUILIDING BESIDE FORTE OIL FILLING STATION OPPOSITE MINISTRY OF ENVIROMENT AWOLOWO WAY BODIJA,OYO,IBADAN,BRONZE,DENTAL,,
2341225,TOS DENTAL CLINIC,53 OYO ROAD MOKOLA,OYO,IBADAN,BRONZE,DENTAL,,
2342881,FORTUNE HOSPITAL DENTAL CLINIC,"32, MKO ABIOLA WAY, ANFAANI ROUNDABOUT, RING ROAD, IBADAN",OYO,IBADAN,BRONZE,DENTAL,,
,,,,,,,,
2344118,EMMANUEL SPECIALISTS HOSPITAL ILE IFE,"E27  Obayemi street, Agborogboro  layout,  Oranfe, Ilesha road, Ile-ife",OSUN,ILE IFE,SILVER,DENTAL,,
2344216,RIDGECREST DENTAL CLINIC LTD,"Suite 12, Rot-Kay Modern Shopping Complex, opposite OAUTHC Phase 1 gate, Ile-Ife, Osun state, Nigeria",OSUN,ILE IFE,BRONZE,DENTAL,,
,,,,,,,,
2340617,DENTOGAD SPECIALIST DENTAL CLINIC,"2ND FLOOR IYEOMA PLAZA, ALAGBAKA, AKURE",ONDO,AKURE,BRONZE,DENTAL,,
2341307,ORANGE DENTAL SPECIALIST,CAPTAIN COOK BUILDING ALAGBAKA AKURE ONDO STATE,ONDO,AKURE,BRONZE,DENTAL,,
,,,,,,,,
2344098,CAPSTONE LUNAR HOSPITAL,"11,bebind Iblar filling station off Taiwo road Ilorin",KWARA,ILORIN,BRONZE,DENTAL,,
2340713,BLESSED DENTAL CLINIC ILORIN,OPPOSITE IST BANK OMOSEBI JUNCTION AJASE- IPO ROAD PFFA GARBAGE AREA ILORIN,KWARA,ILORIN,BRONZE,DENTAL,"Gomola Building Plaza, No. 1, New Yidi Road, Unity, Ilorin, Kwara State.",
,,,,,,,,
2341021,ACCESS ORAL HEALTHCARE SERVICES,"1 OGO OLUWA BANKOLE CRESCENT IBARA HOUSING ESTATE, ABEOKUTA SOUTH",OGUN,ABEOKUTA,BRONZE,DENTAL,,
2343146,PRESTIGE SPECIALIST DENTAL CLINIC,FIRST FLOOR DORCAS PLAZA OPP TREASURE HOUSE OF GOD CHURCH AGBELOBA ABEOKUTA,OGUN,ABEOKUTA,BRONZE,DENTAL,,
2343111,SMILE PRIDE DENTAL CLINIC,"2A SOLANKE STREET, ODO ERAN BUS STOP, OTA",OGUN,OTA,SILVER,DENTAL,,
,,,,,,,,
2344110,GRACETON DENTAL,"8 ADEYI AVENUE,OFF AWOLOWO ROAD, BODIJA IBADAN",OYO,IBADAN,BRONZE,DENTAL,,
2344133,SS DENTAL LIMITED,"THE JERICHO MALL,20 KUDETI AVENUE,ONIREKE GRA,IBADAN",OYO,IBADAN,BRONZE,DENTAL,,
2344298,VERITAS SENTAL,"SUITE 16, PRYMETYNE PLAZA, JERICHO",OYO,IBADAN,BRONZE,DENTAL,,
2340714,THE SMILE SHOP,"SUITE 8,BABA PLAZA.AUDU BAKO WAY,KANO",KANO,KANO,SILVER,DENTAL,,
2340829,THE SMILE SHOP,"BABA PLAZA, NO 8 AUDU BAKO WAY",KANO,KANO,BRONZE,DENTAL,,
2340593,AMISAL DENTAL CARE,NO 1 NASARAWA HOSPITAL ROAD KANO,KANO,KANO,BRONZE,DENTAL,,
,,,,,,,,
2343965,DAY CRYSTAL CLINIC AND MATERNITY,6A MAKERA ROAD KAKURI KADUNA,KADUNA,KADUNA,BRONZE,DENTAL,,
2344214,SPARKLE DENTAL CLINIC KADUNA,"AQUF PLAZA, NO2 SHEHU LAMINU ROAD UGWARIMI KADUNA STATE",KADUNA,KADUNA,BRONZE,DENTAL,,
2341759,IBIDAVE DENTAL CLINIC,HHT FATIMA PLAZA KATSINA ROAD KADUNA,KADUNA,KADUNA NORTH,BRONZE,DENTAL,,
2340576,TOPAZ DENTAL CLINIC,"PLOT 47 RIBADU ROAD,DOCTOR QUARTERS TOWARDS GAMJI GATE",KADUNA,KADUNA,BRONZE,DENTAL,,
2343899,EXCELLE DENTAL CLINIC KADUNA,"SUITE 2 ASD CITY MALL, INDEPENDENCE WAY BY KATSINA ROAD JUNCTION KADUNA",KADUNA,KADUNA,SILVER,DENTAL,,
,,,,,,,,
2344231,FRIENDLY DENTAL CARE,"NO 4 ALONG SHEHU LAMINU WAY, OPPOSITE DANJUMA INTERNATIONAL HOTEL, OLD GRA MAIDUGURI",BORNO,MAIDUGURI,BRONZE,DENTAL,,
,,,,,,,,
2344074,BLUEHILLS DENTAL CLINIC,"SUITE 40/41 POWA SHOPPING COMPLEX, JOS ROAD, LAFIA",NASARAWA,LAFIA,BRONZE,DENTAL,,
,,,,,,,,
2343927,VIP DENTAL CLINIC LTD,"NO 1 D.B ZANG WAY, BY HILL STATION ROUNDABOUT, JOS GRA",PLATEAU,JOS,BRONZE,DENTAL,,
,,,,,,,,
2344021,EMORY SPECIALIST HOSPITAL MARKUDI,"124 ABUKING SHILUNA ROAD, NEAR E DIVISION POLICE STATION, AKPEHE ROAD, MARKUDI, BENUE STATE",BENUE,MAKURDI,BRONZE,DENTAL,,
2343840,BEZALEEL SPECIALIST CLINIC,"8TH AVENUE, IORKYAA AKOR STREET, HIGH LEVEL, MAKURDI",BENUE,MAKURDI,SILVER,DENTAL,,
,,,,,,,,
2343992,PEACE DENTAL CLINIC YOLA,"BISHOP STREET, OPPOSITE PEACE HOSPITAL, JIMETA-YOLA",ADAMAWA,YOLA,GOLD,DENTAL,,
,,,,,,,,
2344330,KINGSWORD DENTAL CLINIC,"No 1, Oyeyemi street Akute-Ajuwon Road. Akute",OGUN,AKUTE,BRONZE,DENTAL,,
2344202,Royal Dental and maxilofacial clinic,9 abdullahi fodio road sokoto state,sokoto,Sokoto,Bronze,Dental,,
,,,,,,,,
2341031,GALAXY DENTAL CENTRE,"11A WETHERAL ROAD,OPPOSITE FINCA MICROFINANCE BANK Imo Nigeria",IMO,IMO,BRONZE,DENTAL,,