Code,Name,Address,LAGOS,City,Hospital Class,ServiceType,,
 ,OPTICAL CENTRES, , , , , ,,
 , , , , , , ,,
 ,LAGOS ISLAND, , , , , ,,
2340179,PREMIERE EYE CENTRE,"290 A, AJOSE ADEOGUN STREET, VI",LAGOS,VICTORIA ISLAND,BRONZE,OPTICAL,,
2340267,ACUVIEW NIGERIA LIMITED,"NURSES HOUSE 43,AFRIBANK STREET,1ST FLOOR OPP TOTAL,VICTORIA ISLAND",LAGOS,VICTORIA ISLAND,BRONZE,OPTICAL,,
2340268,PERFECT EYES,"33 KOFO ABAYOMI, OPPOSITE HARTLEY'S supermarket, Victoria Island",LAGOS,VICTORIA ISLAND,BRONZE,OPTICAL,,
2340389,SIGHTCITY LIMITED,"FMDA BUILDING, PLOT 1398B TIAMIYU SAVAGE STREET, OPPOSITE MAIN DSTV OFFICE, VICTORIA ISLAND. LAGOS",LAGOS,VICTORIA ISLAND,BRONZE,OPTICAL,,
2340522,THE EYE DOCTOR,"PLOT 241B MURI OKUNOLA STREET, VICTORIA ISLAND, LAGOS",LAGOS,VICTORIA ISLAND,GOLD,OPTICAL,,
2340588,RADIANT PROFESSIONAL EYE CARE CENTRE,"33, SINARI DARANIJO STREET",LAGOS,VICTORIA ISLAND,BRONZE,OPTICAL,,
2340592,ELIORA ROSE EYE CARE,"45A SAKA TINUBU STREET, VICTORIA ISLAND",LAGOS,VICTORIA ISLAND,BRONZE,OPTICAL,,
2340629,SWIFT EYECARE LIMITED,"PLOT 1205, AMODU OJIKUTU STREET, OFF BISHOP OLUWOLE STREET, VICTORIA ISLAND",LAGOS,VICTORIA ISLAND,GOLD,OPTICAL,,
2340269,TRUVISION LIMITED,"84, OZUMBA MBADIWE AVENUE, ONIRU",LAGOS,VICTORIA ISLAND,BRONZE,OPTICAL,,
2340703,VISION CAPITAL EYE HOSPITAL VICTORIA ISLAND,PLOT 1438 SANUSI FAFUNWA VICTORIA ISLAND LAGOS,LAGOS,VICTORIA ISLAND,BRONZE,OPTICAL,,
2340724,CRONNET EYE CLINIC,NO 299 AKIN OLUGBADE STREET OFF IDOWU MARTINS VICTORIA ISLAND,LAGOS,VICTORIA ISLAND,BRONZE,OPTICAL,,
2340731,STANDARD OPTICAL LTD,141 AHMADU BELLO WAY VICTORIA ISLAND,LAGOS,VICTORIA ISLAND,SILVER,OPTICAL,,
2340806,THE EYELANDERS CLINIC,"NO 17 AHMED ONIBUDO OFF ADEOLA HOPEWELL,VICTORIA ISLAND",LAGOS,VICTORIA ISLAND,BRONZE,OPTICAL,,
2340878,UNIQUE EYE CENTRE,"SUITE 101 EDO HOUSE, AHMADU BELLO WAY, VI",LAGOS,VICTORIA ISLAND,BRONZE,OPTICAL,,
2340947,PRO OPTICS,"Plot 141B, Olabode George Street, Off Ajose Adeogun Street, VICTORIA ISLAND",LAGOS,VICTORIA ISLAND,BRONZE,OPTICAL,,
2341006,VISIO EYECARE PLUS,"12 ANIFOWOSHE STREET, OFF ADEOLA ODEKU STREET",LAGOS,VICTORIA ISLAND,SILVER,OPTICAL,,
2341364,CHOICE OPTICAL AND SURGICAL SERVICES LIMITED VICTORIA ISLAND,"39 Adeola Odeku, 2 stops before Hubmart Victoria Island",LAGOS,VICTORIA ISLAND,BRONZE,OPTICAL,,
2341478,SKIPPER EYE Q SUPER SPECIALITY EYE HOSPITAL,PLOT 698 SANUSI FAFUNWA STREET VICTORIA ISLAND LAGOS,LAGOS,VICTORIA ISLAND,SILVER,OPTICAL,,
2341669,DUNAMIS EYE CENTRE,"SUITE 7 FIRST FLOOR, MANAGEMENT HOUSE (NIM), PLOT 22 IDOWU TAYLOR STREET",LAGOS,VICTORIA ISLAND,BRONZE,OPTICAL,,
2342523,THE EYE SHOP AFRICA INTERNATIONAL LIMITED,3RD FLOOR MEGA PLAZA IDOWU MARTINS STREET VI,LAGOS,VICTORIA ISLAND,BRONZE,OPTICAL,,
2342978,VISIONCRAFT EYE CLINIC,"4 ADEOLA ODEKU STREET, VI",LAGOS,VICTORIA ISLAND,BRONZE,OPTICAL,,
2341337,VISION AIDS EYE CLINIC,"PLOT 1378D KARIMU KOTUN STREET, VICTORIA ISLAND",LAGOS,VICTORIA ISLAND,BRONZE,OPTICAL,,
2341248,EYE FOUNDATION HOSPITAL,"Plot 15, The Providence Street, Lekki Phase ",LAGOS,LEKKI,PLATINUM,OPTICAL,,
2340156,BOOST OPTICALS LTD,"SUITE H, IKOTA SHOPPING COMPLEX VGC",LAGOS,LEKKI,BRONZE,OPTICAL,,
2340157,EYE MASTERS LEKKI,"PLOT 35 FREEDOM WAY, OFF ADMIRALTY WAY, BY IKATE ROUNDABOUT, LEKKI PHASE 1",LAGOS,LEKKI,BRONZE,OPTICAL,,
2340158,PHOENIX EYE CLINIC,"KM 17, LEKKI EPE EXPRESSWAY",LAGOS,LEKKI,BRONZE,OPTICAL,,
2340544,HEPHZIBAH EYE CARE,"ADMIRALTY WAY, OPPOSITE FIRST BANK, LEKKI PHASE 1 LAGOS",LAGOS,LEKKI,BRONZE,OPTICAL,,
2341145,KRYSTAL OPTICAL SERVICES,B295 IKOTA SHOPPING COMPLEX BY VGC LAGOS,LAGOS,LEKKI,BRONZE,OPTICAL,,
2341508,PORTERS HOUSE EYE CLINIC,BRASSARS PLACE 69 ADMIRALTY WAY BESIDE EBEANO SUPERMARKET LEKKI PHASE 1,LAGOS,LEKKI,SILVER,OPTICAL,,
2341563,EAGLE VISION EYE CARE CENTRE,"PLOT 1A, BLOCK 124 T.F KUBOYE STREET LEKKI LAGOS",LAGOS,LEKKI,BRONZE,OPTICAL,,
2341654,THE OCULAR CENTRE,9 ANTHONY ETUKUDO STREET OFF NIYI OKUNUBI STREET LEKKI PHASE 1,LAGOS,LEKKI,BRONZE,OPTICAL,,
2341583,ICARE FAMILY VISION,7 Niyi Okunubi Street Lekki 1,LAGOS,LEKKI,BRONZE,OPTICAL,,
2342554,CLEVELAND OPTICALS,"VIEW POINT PLAZA, NEPA ROAD, OPPOSITE JUBILEE BRIDGE, AJAH JUNCTION, LEKKI/EPE EXPRESSWAY",LAGOS,LEKKI,BRONZE,OPTICAL,,
2342734,VISIONS OPTICALS,"THE PALMS SHOPPING MALL, 1 BIS WAY, ONIRU, LEKKI",LAGOS,LEKKI,BRONZE,OPTICAL,,
2342743,OCULUS PRO CLINIC LIMITED,"MATIS BRASS MALL 27/28 CASTLE ROCK AVENUE, OSAPA LONDON LEKKI",LAGOS,LEKKI,GOLD,OPTICAL,,
2343157,HAVEN OPTICALS,"D CHERUB MALL, SUITE A9/10. LEKKI-EPE EXPRESSWAY, OPP ALPHA BEACH JUNCTION, LEKKI",LAGOS,LEKKI,BRONZE,OPTICAL,,
2343670,HEALTHRITE COMPANY LTD EYE CARE CENTRE,"LAKE VIEW PARK 1 ESTATE, LEKKI-EPE EXPRESSWAY, LEKKI",LAGOS,LEKKI,BRONZE,OPTICAL,,
2343824,MEDRICVISION,"9 KUDIRAT SALAMI STR, AGUNGI",LAGOS,LEKKI,BRONZE,OPTICAL,,
2345036,POISE EYE CARE,3B EMMA ABIMBOLA COLE. LEKKI PHASE 1,LAGOS,LEKKI,BRONZE,OPTICAL,,
2344263,NEUROCEPT EYE CLINIC,45 LEKKI EPE EXPRESSWAY UNITED ESTATE BUS STOP PARIS PLAZA,LAGOS,LEKKI,BRONZE,OPTICAL,,
,PREMIUM VISION EYE CLINIC,"OPAL PLAZA, NO 12 DREAM AFRICANA WAY ORCHID ROAD BESIDES ENYO FILLING STATION AFTER MEGA1 MALL BY ELEGANZA BUSSTOP",LAGOS,LEKKI,BRONZE,OPTICAL,,
2344279,KAMCON EYE CARE LIMITED,"1B ADEWUMI ADEBIMPE DRIVE, MARWA, LEKKI",LAGOS,LEKKI,BRONZE,OPTICAL,,
2343833,JOSGLA VISION,"IKOTA SHOPPING COMPLEX, SUITE H381, ROAD 4, VGC, AJAH LEKKI",LAGOS,LEKKI,BRONZE,OPTICAL,,
2340148,CLEAR VIEW OPTICS LIMITED,"5, RIBADU ROAD, SW",LAGOS,IKOYI,BRONZE,OPTICAL,,
2340139,ULTIMATE EYE CLINIC LAGOS,"26,keffi street ikoyi S/W Lagos",LAGOS,IKOYI,BRONZE,OPTICAL,,
2344160,SPECSMART EYE CLINIC,"UNITS 5 AND 6, IKOYI PLAZA, 31 AWOLOWO ROAD BY KEFFI STREET, IKOYI LAGOS",LAGOS,IKOYI,BRONZE,OPTICAL,,
2340149,EYES RITE,"SUITE 25, DOLPHIN PLAZA, DOLPHIN ESTATE",LAGOS,IKOYI,BRONZE,OPTICAL,,
2340150,KRYSTAL OPTICAL LIMITED,"156, AWOLOWO RD",LAGOS,IKOYI,BRONZE,OPTICAL,,
2340151,ULTIMATE EYE CLINIC,"16, BIADUO STREET, OFF KEFFI ROAD, S.W. IKOYI",LAGOS,IKOYI,BRONZE,OPTICAL,,
2340354,METRO EYES LIMITED IKOYI,22 KEFFI STREET,LAGOS,IKOYI,BRONZE,OPTICAL,,
2340422,EYES RITE,"SUITE 25, DOLPHIN PLAZA, DOLPHIN ESTATE",LAGOS,IKOYI,BRONZE,OPTICAL,,
2341125,CITADEL OPTICALS,"8 AWOLOWO ROAD, IKOYI",LAGOS,IKOYI,BRONZE,OPTICAL,,
2342674,AMARA MEDICARE LTD,"202, AWOLOWO ROAD, IKOYI",LAGOS,IKOYI,BRONZE,OPTICAL,,
2340858,FARATORI EYE CENTRE,"187 IGBOSERE ROAD,LAGOS",LAGOS,LAGOS ISLAND,BRONZE,OPTICAL,,
2341204,OPTIMUM VIEW LTD,48 KING GEORGE V ROAD ONIKAN,LAGOS,LAGOS ISLAND,BRONZE,OPTICAL,,
2341669,DUNAMIS EYE CENTRE,"1ST FLOOR, MANDILAS BUILDING ANNEX, 35 SIMPSON STREET, SURA, LAGOS ISLAND, LAGOS",LAGOS,LAGOS ISLAND,BRONZE,OPTICAL,,
2343803,OAKBEND EYE CLINIC,"SUITE 21 TAFAWA BALEWA SQUARE, RACECOURSE",LAGOS,LAGOS ISLAND,BRONZE,OPTICAL,,
2340880,CLEARSPRINGS OPTICALS,"SUITE H46-73 IKOTA SHOPPING COMPLEX, VGC, AJAH",LAGOS,AJAH,BRONZE,OPTICAL,,
2342674,AMARA MEDICARE LTD,"PLOT 76B, ELEGANZA GARDENS(OPPOSITE VGC) LEKKI-EPE EXPRESSWAY, LAGOS",LAGOS,AJAH,BRONZE,OPTICAL,,
2342674,AMARA MEDICARE LTD,"FF01 New Era Mall, Cardinal Okogie (Shoprite) road, Sangotedo",LAGOS,AJAH,BRONZE,DENTAL,,
2343820,SALEM VISION EYECARE AND OPTICAL SERVICES,"SUITE B25/26, JOYGOOD MALL, SANGOTEDO",LAGOS,AJAH,BRONZE,OPTICAL,,
2340985,Beracca Eye Clinic ltd Lagos,"Plot 6 TF Kuboye Road, Oniru Lekki.",LAGOS,LEKKI,BRONZE,OPTICAL,,
2345043,PREMIUM VISION EYE CLINIC,"OPAL PLAZA, NO 12 DREAM AFRICANA WAY, ORCHID ROAD BESIDE ENYO FILLING STATION.",LAGOS,LEKKI,BRONZE,OPTICAL,,
,,,,,,,,
 ,LAGOS MAINLAND, , , , , ,,
2340336,REQUIS EYE CENTRE,229 IKORODU ROAD IDIROKO MARYLAND,LAGOS,IKEJA,BRONZE,OPTICAL,,
2340424,"THE EYE DOCTORS, IKEJA","60, TOYIN STREET, IKEJA",LAGOS,IKEJA,BRONZE,OPTICAL,,
2340136,HYGEI DENTAL AND EYE CLINIC,"14, SOWEMIMO STREET G.R.A. IKEJA",LAGOS,IKEJA,BRONZE,OPTICAL,,
2340137,MAXI SPECIALIST EYE,113 ALLEN A VENUE BESIDE TANATALIZERS OPP ALADE SHOPPING MALL,LAGOS,IKEJA,BRONZE,OPTICAL,,
2340139,ULTIMATE EYE CLINIC,"50 52 TOYIN STR, OPP WATER PARKS",LAGOS,IKEJA,BRONZE,OPTICAL,,
2340205,CATHEM EYE HOSPITAL,"107b, ADENIYI JONES, AVENUE, IKEJA, LAGOS",LAGOS,IKEJA,GOLD,OPTICAL,,
2340474,CHOICE OPTICAL AND SURGICAL SERVICES LIMITED,"34 ALLEN AVENUE IKEJA, LAGOS",LAGOS,IKEJA,BRONZE,OPTICAL,,
2340616,MEGA VISION,"15 ALLEN AVENUE IKEJA, LAGOS",LAGOS,IKEJA,BRONZE,OPTICAL,,
2340629,SWIFT EYECARE LIMITED,"90, Allen Avenue, Ikeja Lagos (Wuraola House)",LAGOS,IKEJA,BRONZE,OPTICAL,,
2340664,VISION PLUS SPECIALIST,"10 OMOTAYO OJO STREET, OFF MAJEKODUNMI STREET, OFF ALLEN AVENUE, LAGOS",LAGOS,IKEJA,BRONZE,OPTICAL,,
2343525,RHEMAHAD EYE CLINIC,"First Bank Bus stop Kudirat Abiola Way beside yard 158, opposite Citadel community Church",LAGOS,IKEJA,BRONZE,OPTICAL,,
2340732,PEAK EYE CARE,"8B IKOSI ROAD,OFF KUDIRAT ABIOLA WAY,OREGUN,IKEJA",LAGOS,IKEJA,SILVER,OPTICAL,,
2340799,P.M.B EYE CARE,1 BADAGRY STREET ABA JOHNSON CRESCENT OFF ADENIYI JONES IKEJA,LAGOS,IKEJA,BRONZE,OPTICAL,,
2340859,VISION HOME EYECARE,29 OPEBI ROAD IKEJA,LAGOS,IKEJA,BRONZE,OPTICAL,,
2340985,Beracca Eye Clinic ltd Lagos,"74 Adeniyi Jones Avenue, Ikeja",LAGOS,IKEJA,BRONZE,OPTICAL,,
2341022,ENNY EYE CARE,SUITE 3 AND 4 AMETHYST BLOCK ALL SEASON PLAZA 24 LATEEF JAKANDE ROAD AGINDINGBI IKEJA,LAGOS,IKEJA,BRONZE,OPTICAL,,
2341114,ADETULA OPTICAL SERVICES,18 AJAO ROAD OFF ADENIYI JONES IKEJA,LAGOS,IKEJA,BRONZE,OPTICAL,,
2341137,EYEPLUS OPTHALMICS NIG LTD,3A OLAIDE BENSON ST BY SEVENTHDAY ADVENTIST CHURCH MARYLAND,LAGOS,IKEJA,BRONZE,OPTICAL,,
2341248,EYE FOUNDATION HOSPITAL,27B ISAAC JOHN STREET GRA IKEJA,LAGOS,IKEJA,PLATINUM,OPTICAL,,
2341531,DUPSNL VISION,"14, TOYIN STREET, IKEJA",LAGOS,IKEJA,BRONZE,OPTICAL,,
2341682,OPTICKA VISION,IKEJA CITY MALL,LAGOS,IKEJA,BRONZE,OPTICAL,,
2341727,AIREN EYE CENTRE,8 MOBOLAJI BANK ANTHONY WAY IKEJA LAGOS,LAGOS,IKEJA,BRONZE,OPTICAL,,
2341734,EYE DIAGNOSTIC OPTICAL SERVICES CENTRE LTD,11 ADEBOYE SOLANKE STREET OFF ALLEN IKEJA BY FIRST BANK BUS STOP,LAGOS,IKEJA,BRONZE,OPTICAL,,
2342526,ICONIC EYECARE CLINIC,"40B, AJANAKU OFF SALVATION ROAD OPEBI IKEJA LAGOS",LAGOS,IKEJA,BRONZE,OPTICAL,,
2342745,OXYBELLE EYE CLINIC,37 ADENIYI JONES AV IKEJA,LAGOS,IKEJA,BRONZE,OPTICAL,,
2342833,VISIONNEX SPECIALIST CLINIC LIMITED,"SUITE 308, MEROS PLAZA, PLOT 781B SOMIDE ODUJINRI AVENUE, OMOLE PHASE 2, ISHERI OLOWORA",LAGOS,IKEJA,BRONZE,OPTICAL,,
2343150,JUST VISION EYE CENTRE,"1A OPEBI LINK ROAD, OFF KUDIRAT ABIOLA WAY, IKEJA",LAGOS,IKEJA,BRONZE,OPTICAL,,
2343392,VASO VISION EYE CLINIC,"BRIGHTHOPE SPECIALIST HOSPITAL COMPLEX, 530 LATEEF JAKANDE ROAD, AGIDINGBI, IKEJA",LAGOS,IKEJA,BRONZE,OPTICAL,,
2343781,EYESTYLE OPTIQUE,"THE AIRPORT BUSINESS HUB, ALONG INTL AIRPORT ROAD, OPP. NAHCO, IKEJA",LAGOS,IKEJA,BRONZE,OPTICAL,,
2343792,OPTOMAX VISION,"6 AROMIRE AVENUE, SUITE B1, OJUOLAPE PLAZA",LAGOS,IKEJA,BRONZE,OPTICAL,,
2344238,RINCE EYECARE LIMITED,"Suite 14, First Capital Plaza, No 27 Opebi Road, Ikeja",LAGOS,IKEJA,BRONZE,OPTICAL,,
2345084,VISION-PLANET EYE CLINIC,"2A MATTHEW STREET, OFF OJUELEGBA-YABA ROAD SURULERE, LAGOS.",LAGOS,SURULERE,BRONZE,OPTICAL,,
2342966,OPTILENS,"9,Olatunde Close off Falolu Road Lagos Nigeria",LAGOS,SURULERE,BRONZE,OPTICAL,,
2340175,SMILEY OPTICALS SERVICES,92 ADENIRAN OGUNSANYA STREET,LAGOS,SURULERE,BRONZE,OPTICAL,,
2340246,VIEW PLUS OPTICAL LTD,"27, BODE THOMAS STR, OPP UBA",LAGOS,SURULERE,BRONZE,OPTICAL,,
2341098,LADKEM EYE HOSPITAL,35 ERIC MANUEL CRESCENT OFF BODE THOMAS ROAD SURULERE,LAGOS,SURULERE,BRONZE,OPTICAL,,
2341337,VISION AIDS EYE CLINIC,"1, CURTIS ADENIYI JONES CLOSE OFF GBAJUMO CRESCENT OFF ADENIRAN OGUNSANYA",LAGOS,SURULERE,BRONZE,OPTICAL,,
2341518,OPTIKA EYE CLINIC,"9, BODE THOMAS STREET SURULERE, LAGOS",LAGOS,SURULERE,BRONZE,OPTICAL,,
2342429,IHOUSE OPTICAL AND DENTAL CLINIC LTD SURULERE,"8 AFRIC ROAD, SURULERE IPONRI",LAGOS,SURULERE,BRONZE,OPTICAL,,
2343123,KESONA EYE CENTRE,"121 ITIRE ROAD, SURULERE",LAGOS,SURULERE,SILVER,OPTICAL,,
2340619,BELVISION EYE CARE,"8, LATIF SALAMI STREET, GODS GLORY PLAZA NEAR AIRPORT JUNCTION, 107 Mafoluku Road, same building with FBN, beside Domino, Mafoluku, Off Airport Road",LAGOS,ISOLO,BRONZE,OPTICAL,,
2342512,BRIGHTHOUSE EYE CARE CLINIC,"Divino Plaza ,1 Chivita Avenue ,By 2/4 Jay Momoh Street, Ajao Estate",LAGOS,ISOLO,BRONZE,OPTICAL,,
2343681,HAVILAH EYE CARE AND OPTICAL SERVICES,"33, Osolo Way, Ajao Estate",LAGOS,ISOLO,BRONZE,OPTICAL,,
2342919,ACRIVISION EYECARE,2 Godwin Omonua street ireakari Estate Isolo by Bayo Olumide junction,LAGOS,ISOLO,BRONZE,OPTICAL,,
2345155,Forever Vision Eye Centre,"26, Sadiku street, off Apapa Oshodi Express way Ilamasaja Isolo Oshodi-isolo Lagos Nigeria",LAGOS,ISOLO,BRONZE,OPTICAL,,
2340743,1ST CONTACT EYE CLINIC,"73 Coker Road, Off Town Planning Way, Ilupeju",LAGOS,ILUPEJU,BRONZE,OPTICAL,,
2340866,VIEWPOINT SPECIALIST EYE CENTRE ILUPEJU,"43 COKER ROAD BESIDE HALCYON INTERNATIONAL SCHOOL, ILUPEJU",LAGOS,ILUPEJU,BRONZE,OPTICAL,,
2341272,SPARKLING EYES AND OPTICAL SERVICES,16 OBOKUN STREET OFF COKER ROAD ILUPEJU,LAGOS,ILUPEJU,BRONZE,OPTICAL,,
2344280,MANNYCH EYE CLINIC,2B DOYIN OMOLOLU STREET OFF DEMURIN ROAD ALAPERE-KETU,LAGOS,ALAPERE/KETU,BRONZE,OPTICAL,,
2341046,DIPHILLAB VISION CARE,NO 38 ISAWO ROAD IKORODU,LAGOS,IKORODU,BRONZE,OPTICAL,,
2341210,DE KINGS EYE CLINIC,"28 FATUGA ONAMADE STREET OFF KAS AVENUE, SABO IKORODU",LAGOS,IKORODU,BRONZE,OPTICAL,,
2341420,OCUVILLE EYE CENTRE IKORODU,"BLUE HOUSE,134 LAGOS ROAD,JUMOFAK BUS STOP CLOSE TO ARUNA BUS STOP ,IKORODU",LAGOS,IKORODU,BRONZE,OPTICAL,,
2343131,FIDEI EYE CENTRE LIMITED,"69 Lagos road,Agric Bus stop,Ikorodu, Lagos",LAGOS,IKORODU,BRONZE,OPTICAL,,
2343875,IASIS EYE CENTRE LIMITED,"92D ISAWO ROAD, OWUTU, AGRIC, IKORODU",LAGOS,IKORODU,BRONZE,OPTICAL,,
2344280,MANNYCH EYE CLINIC, 67 AYANGBUREN ROAD BY OLUBI JUNCTION IKORODU,LAGOS,IKORODU,BRONZE,OPTICAL,,
2340427,VIEW POINT SPECIALIST EYE CENTRE,VIEW POINT SPECIALIST EYE CENTRE,LAGOS,YABA,BRONZE,OPTICAL,,
2345014,Procept Eye Clinic,"44 iwaya road Onike, Yaba, Lagos",LAGOS,YABA,BRONZE,OPTICAL,,
2340837,PROCARE VISION EYE CLINIC,"68,QUEEN STREET,YABA,LAGOS",LAGOS,YABA,BRONZE,OPTICAL,,
2341717,SIGHT PLUS SPECIALIST EYE CENTRE,"4, ALARA STREET ONIKE YABA LAGOS",LAGOS,YABA,BRONZE,OPTICAL,,
2342673,NEXT GENERATION EYE CLINIC,"PLOT 1 ROAD A BESIDE DEKE SUPERMARKET, BY IROKO ESTATE GATE, ISHERI OLOFIN",LAGOS,ISHERI OLOFIN,BRONZE,OPTICAL,,
2340666,DOTHAN EYE CENTRE,"108,SUIT 11 AND 12 AGO PALACE WAY,OKOTA",LAGOS,OKOTA,BRONZE,OPTICAL,,
2341270,RIGHTSIGHT SPECIALIST EYE CENTRE,38 AGO PALACE WAY OKOTA,LAGOS,OKOTA,BRONZE,OPTICAL,,
2342892,SPECMAKERS VISION AND EYE HEALTH CENTRE,"129 OKOTA ROAD, OPPOSITE GUO TRANSPORT, OKOTA, ISOLO",LAGOS,OKOTA,BRONZE,OPTICAL,,
2345088,SLEEK VISION LIMITED,"10 OWEH STREET, FADEYI LAGOS",LAGOS,FADEYI,BRONZE,OPTICAL,,
2340135,EYE MASTERS IKORODU ROAD,208 IKORODU ROAD BY PALMGROOVE BUS STOP NEAR NNPC FILLUING STATION,LAGOS,PALMGROVE,BRONZE,OPTICAL,,
2342708,BENOPTIKA VISION NIG LTD,"6 ijaiye Road , Beside smartiemart supermarket, Ogba Ikeja lagos Lagos Nigeria",LAGOS,OGBA,BRONZE,OPTICAL,,
2340162,FORST EYE CLINIC,14 KAYODE STREET OFF IJAIYE ROAD BY CATERPILLAR BUS STOP OGBA,LAGOS,OGBA,BRONZE,OPTICAL,,
2343081,FOCUS EYE CENTRE,"17 IJAIYE ROAD, OPPOSITE WAEC OFFICE, OGBA",LAGOS,OGBA,BRONZE,OPTICAL,,
2340337,OCUVILLE EYE CENTRE,"95, OGUDU ROAD, MARBLE HOUSE ABULE SOKO, OJOTA",LAGOS,OGUDU,SILVER,OPTICAL,,
2340416,EYELINE LIMITED,"SUITE 215,ALL SEASON PLACE, NOS 74 ISHERI ROAD, BESIDE FRSC, OJODU",LAGOS,OJODU,BRONZE,OPTICAL,,
2343026,SOLID ROCK SPECIALIST EYE CLINIC,"6, AKINSANYA STREET, OJODU LAGOS",LAGOS,OJODU,BRONZE,OPTICAL,,
2343921,MODERN EYE CLINIC,"16/18 OGUNUSI ROAD, AKIODE BUS STOP, OPP IMOLE ESTATE PHASE 1, OJODU BERGER",LAGOS,OJODU BERGER,BRONZE,OPTICAL,,
2340423,VISION CAPITAL EYE MAGODO,8 CMD ROAD MAGODO GRA PHASE 2 LAGOS,LAGOS,MAGODO,BRONZE,OPTICAL,,
2342984,CREDIBLE EYE CARE LTD,"18, KASUMU STREET, SHANGISHA/MAGODO ESTATE PHASE 2, LAGOS",LAGOS,MAGODO,BRONZE,OPTICAL,,
2340848,AISYL EYE CLINIC,"GALAXY COMPLEX, SUITE 45/46, AFTER AGBARA POLICE STATION, OFF BADAGRY EXPRESSWAY, AGBARA",LAGOS,BADAGRY,BRONZE,OPTICAL,,
2341455,VIVID VISION EYE CLINIC LIMITED,10 MABINUORI DAWODU STREET GBAGADA PHASE 1 BY CHARLY BOY BUS STOP GBAGADA,LAGOS,GBAGADA,BRONZE,OPTICAL,,
2342955,DANITOB EYECARE AND OPTICAL CENTRE LIMITED,"10B, Idowu Olaitan Street,  Gbagada Phase 2",LAGOS,GBAGADA,BRONZE,OPTICAL,,
2343387,HOVAS PLACE EYECARE AND SURGERY CENTRE,"HOUSE 8, 301 ROAD, OPPOSITE A CLOSE, 3RD AVENUE, FESTAC",LAGOS,FESTAC,BRONZE,OPTICAL,,
2340629,SWIFT EYECARE LIMITED,"4th Avenue, A1 Close, Festac Town.",LAGOS,FESTAC,GOLD,OPTICAL,,
2340865,VIEWPOINT SPECIALIST EYE CENTRE FESTAC,"Kingdom Plaza, Suite 15 and 17, Plot 784, Festac Link Road, Opposite Co-operation Estate, Amuwo Odofin",LAGOS,FESTAC,BRONZE,OPTICAL,,
2342984,CREDIBLE EYE CARE LTD,"HOUSE 7, 200 ROAD, 2ND AVENUE, FESTAC TOWN",LAGOS,FESTAC,BRONZE,OPTICAL,,
2343175,FRAMEL EYE CLINIC,"SUITE 20, ULTIMA SHOPPING COMPLEX, OPP J CLOSE, 21RD FESTAC",LAGOS,FESTAC,BRONZE,OPTICAL,,
2344270,PEROFAK EYE CLINIC,328 RABIU BABATUNDE TINUBU ROAD AMUWO-ODOFIN LAGOS,LAGOS,FESTAC,BRONZE,OPTICAL,,
2340629,SWIFT EYECARE LIMITED,"1, Oluwo Street, Fountain House (Deeper Life Bus Stop) Badagry Express Road, Ijanikin, Agbara Lagos",LAGOS,AGBARA,GOLD,OPTICAL,,
2341241,IHOUSE OPTICAL AND DENTAL CLINIC LTD,"BLOCK 35, PLOT C AREA 4OPIC ESTATE AGBARA BESIDE THE VIO OFFICE",LAGOS,AGBARA,BRONZE,OPTICAL,,
2341481,KREISSON EYE CENTER,65 IKOSI ROAD IKOSI KETU,LAGOS,KETU,BRONZE,OPTICAL,,
2342896,FAITH EYE Q,"5 NNPC ROAD, EJIGBO",LAGOS,EJIGBO,BRONZE,OPTICAL,,
2342984,CREDIBLE EYE CARE LTD,"194B EGBE ROAD, ORI OKE BUS STOP, EJIGBO, LAGOS",LAGOS,EJIGBO,BRONZE,OPTICAL,,
2342673,NEXT GENERATION EYE CLINIC,"133 Isolo Road, Hostel b/stop Egbe, Ikotun",LAGOS,IKOTUN,BRONZE,OPTICAL,,
2340423,VISION CAPITAL EYE HOSPITAL, No 7 Asa Afariogun Street Ajao Estate,LAGOS,AJAO ESTATE,BRONZE,OPTICAL,,
2343171,MERIDIEM EYE CLINIC,"270 IKORODU ROAD, OBANIKORO",LAGOS,OBANIKORO,BRONZE,OPTICAL,,
2343851,VISION RENEW EYE CLINIC AND OPTICAL SERVICES LTD,"165 OJO IGBEDE ROAD, ILAJE BUS STOP, AJANGBADI",LAGOS,OJO,BRONZE,OPTICAL,,
2343854,PROVIDENCE OPTOMETRIC CLINIC,6 Pearse street off ojuelegba road by Abiodun Bookshop Yaba near Tejuosho market Yaba,LAGOS,OJUELEGBA,BRONZE,OPTICAL,,
2340837,Procare Vision Eye Clinic ,"229 Kirikiri Road, Olodi Apapa, Ajegunle. Landmark is Fidelity Bank trinity bus stop, Ajegunle,07039911944 , 08179460561.",LAGOS,APAPA,BRONZE,OPTICAL,,
2340742,STANDARD LIFE CARE HOSPITAL,"5,PAUL STREET,OFF SANNI BALOGUN STREET,ABULE EGBA,OJOKORO.",LAGOS,ABULE EGBA,BRONZE,OPTICAL,,
2345041,DEAN EYE CARE EYE CLINIC,"16 CHARITY ROAD BESIDE RITA'S EVENT AND SUITES, ABULE EGBA. LAGOS STATE.",LAGOS,ABULE EGBA,BRONZE,OPTICAL,,
2342918,VISTA EYE CETRE,"7A IKORODU ROAD, MARYLAND BAALES PALACE, BEHIND MARYLAND BRT BUS STOP",LAGOS,MARYLAND,BRONZE,OPTICAL,,
2344277,PAVIK EYE CLINIC AND CONTACT LENS,ROYAL PLAZA 112 MUSHIN RD OPPOSITE ISOLO HEALTH CARE CENTRE,LAGOS,MUSHIN,BRONZE,OPTICAL,,
2343855,VISION PRIDE EYE CARE,"SUITE 2 GROUND FKOOR STARLINK GLOBAL HOUSE 8/10 SALAMOTU ENIOLA STREET, ILASAMAJA LAGOS",LAGOS,MUSHIN,Bronze,Optical,,
 , ,, , , , ,,
 ,UPCOUNTRY, , , , , ,,
2345156,Sallie Eye Clinic,"FIRST FLOR, SUITE B03,VGI CENTRE, PLOT 969, NGOZI IWEALA WAY, WUYE DISTRICT. Utako Abuja municipal area council FCT Nigeria",FCT,ABUJA,GOLD,OPTICAL,,
2343818,ATLANTA EYE CLINIC,"SUITE 1, CHERRY HILL PLAZA, PLOT 1060 EKE A. YUSUF CLOSE, UTAKO",ABUJA,UTAKO,BRONZE,OPTICAL,,
2343943,TREETOP VISION EYE CENTRE TREVEC LTD,"SUITE 057 DE AVALON PLAZA, NO 483 AJOSE ADEOGUN CRESCENT",ABUJA,UTAKO,BRONZE,OPTICAL,,
2343667,KOHCH EYE CLINIC,"SUITE 21 NURNBERGER PLAZA, PLOT 1723 ADETOKUNBO ADEMOLA CRESCENT",ABUJA,WUSE,BRONZE,OPTICAL,,
2343749,MARAFAM EYE CARE LTD,SUITE B14 2ND FLOOR FRONT VIEW OTI CARPETS COMPLEX PLOT 1221 ADETOKUNBO ADEMOLA CRESCENT WUSE II ABUJA,ABUJA,WUSE,PLATINUM,OPTICAL,,
2344155,FLORISH EYE CARE LIMITED,"NIMOTA PLAZA SUITE 12/13 OPPOSITE NICON LUXURY HOTEL, PLOT 855 TAFAWA BALEWA WAY AREA 11, GARKI",ABUJA,GARKI,BRONZE,OPTICAL,,
2344227,DCINDY EYE CARE LIMITED,"AQUA FALL, 24 PORTHARCOURT CRESCENT OFF GIMBIYA STREET, AREA 11, GARKI ABUJA",ABUJA,GARKI,BRONZE,OPTICAL,,
2340595,ALPHA ZONE EYE CLINIC,"9 UBIAJA CRESCENT, SAME STREET AS TANTALIZERS, AFTER GARKI MARKET ON THE RIGHT, GARKI 2 ",ABUJA,GARKI,BRONZE,OPTICAL,,
2341061,RACHAEL EYE CENTRE,"23 ONITSHA CRESCENT, OFF GIMBYA STREET, GARKI AREA 11",ABUJA,GARKI,PLATINUM,OPTICAL,,
2340963,FIRST OPTICIANS ABUJA,"MELITA PLAZA, GARKI AREA 11",ABUJA,GARKI,BRONZE,OPTICAL,,
2341060,SIGHT HAVEN,FEREPROD MEDICAL CENTER GARKI AREA 11,ABUJA,GARKI,BRONZE,OPTICAL,,
2341071,CYPRESS EYE CENTRE,"NO 6 FLAT 4 ABAK CLOSE, AREA 3 GARKI",ABUJA,GARKI,BRONZE,OPTICAL,,
2341287,Danzel Eye Consult,"5 Malumfashi Close, Garki area 11",ABUJA,GARKI,BRONZE,OPTICAL,,
2341430,NUNS EYE CLINIC,"Ogbomosho street, Area 8 Garki",ABUJA,GARKI,BRONZE,OPTICAL,,
2341436,VISION EXPERTS EYE CLINIC,PLOT 11 AHMADU BELLO WAY/ 24 AGUATA CLOSE GARKI OPPOSITE DOMINOS PIZZA GARKI 2 ABUJA,ABUJA,GARKI,PLATINUM,OPTICAL,,
2341589,SIGHTCARE CONSULT EYE CLINIC,"16 OGBOMOSHO STREET, AREA 8, GARKI,",ABUJA,GARKI,BRONZE,OPTICAL,,
2342796,Nu Vision Eye Clinic,"Suite A02/A10 Area II Shopping Mall/EFAB Mall, Garki-Abuja",ABUJA,GARKI,BRONZE,OPTICAL,,
2342802,Magna Eye Care,"4, Umuahia close, off Emeka Anyaoku street, Area 11, Garki",ABUJA,GARKI,BRONZE,OPTICAL,,
2343703,SAMVIC EYE CLINIC,"NO 8 FASKARI STREET, BANK ZONE, BESIDE ACCESS BANK, GT BANK AREA, AREA 3 ",ABUJA,GARKI,BRONZE,OPTICAL,,
2345199,Benoptika Vision Eye Clinic,"our lady queen of Nigeria pro-cathedral,Ibadan street area 3 Garki Abuja municipal area council FCT Nigeria",ABUJA,GARKI,BRONZE,OPTICAL,,
2340577,PENIEL EYE AND SURGERY,"4b Mwanza close, off Idimba St, Off Post office Rd., Wuse zone 3",ABUJA,WUSE,BRONZE,OPTICAL,,
2340962,SMILEY OPTICAL ABUJA,"SUITE 14, YASUHA PLAZA, PLOT 1046, ADETOKUNBO ADEMOLA CRESCENT",ABUJA,WUSE,SILVER,OPTICAL,,
2341059,IMPERIAL VISION EYE CLINIC LIMITED,SUITE FF 11B BERGER PAINT PLAZA NO.6 ALEXANDRIA STREET WUSE 2 ABUJA,ABUJA,WUSE,BRONZE,OPTICAL,,
2341084,DE LENS EYE CLINIC,"SUITE G14, FEBSON MALL PLOT 2425 HERBERT MACAUKLY WAY WUSE ZONE 4, ABUJA",ABUJA,WUSE,SILVER,OPTICAL,,
2343906,OPTICARE EYE CLINIC,"NO 10 DURBAN STREET, WUSE II",ABUJA,WUSE,BRONZE,OPTICAL,,
2341256,HJ EYE CLINIC,"SUITE B43 BANEX PLAZA, WUSE II",ABUJA,WUSE,BRONZE,OPTICAL,,
2341754,VISION 24 EYE CLINIC,B36 WUSE 2 ADEMOLA ADETOKUNBO INSIDE DISCOVERY MALL OPPOSITE ECOBANK,ABUJA,WUSE,BRONZE,OPTICAL,,
2340075,LOCUS EYE CLINIC,NWORAH PLAZA BEHIND GLO WUSE 2,ABUJA,WUSE,BRONZE,OPTICAL,,
2341685,CLEARVIEW OPTICS LIMITED ABUJA,"2ND FLOOR LOBITO MALL, LOBITO CRESCENT, WUSE 2",ABUJA,WUSE,BRONZE,OPTICAL,,
2341437,NIGER OPTICAL SERVICES ABUJA,"STANDARD PLAZA, PLOT 2302 HEBERT MACAULAY WAY OPP. SKY MEMORIAL COMPLEX WUSE ZONE 6, ABUJA",ABUJA,WUSE,BRONZE,OPTICAL,,
2344015,THELIA EYECARE AND OPTICS LIMITED,"Suite B8, First Floor, Othni plaza Wuse zone 1, Beside NDE",ABUJA,WUSE,BRONZE,OPTICAL,,
2342701,LEADWAY EYE CLINIC,"169 ADEMOLA ADETOKUNBO CRESCENT, WUSE II",ABUJA,WUSE,BRONZE,OPTICAL,,
2342701,LEADWAY EYE CLINIC,"SUITE FO2 PATHFIELD MALL, 4TH AVENUE",ABUJA,GWARINPA,BRONZE,OPTICAL,,
2341099,KEEN VISION EYE CLINIC,MAITAMA STORES COMPLEX,ABUJA,MAITAMA,BRONZE,OPTICAL,,
2341482,ABSOLUTE VISION EYE CLINIC.,6 UDI HILL CLOSE OFF ASO DRIVE MAITAIMA ABUJA,ABUJA,MAITAMA,BRONZE,OPTICAL,,
2340543,MEGASIGHT EYE CLINIC,"SUITE 20, OGB PLAZA, PLOT 561 OBAFEMI AWOLOWO WAY, UTAKO ABUJA ABUJA",ABUJA,JABI,BRONZE,OPTICAL,,
2345200,DAYSTAR EYE CLINIC,Suite B10 Fudie Mall Solomon lar road Off Mike Akhigbe Way Jabi.,ABUJA,JABI,BRONZE,OPTICAL,,
2341360,Bridge of Sight Eye Clinic,Suit B13 Jabi Plaza,ABUJA,JABI,BRONZE,OPTICAL,,
2341504,DAVIK EYE CLINIC,"PLOT 15/21, ALEX EKWUEME WAY, INSIDE NISA HOSPITAL, JABI ABUJA",ABUJA,JABI,BRONZE,OPTICAL,,
2341104,THE EYE PLACE,"S2 SECOND FLOOR, ALIBRO ATRIUM PLAZA, 32 EKUKINAM STREET",ABUJA,UTAKO,BRONZE,OPTICAL,,
2341373,METRO EYES ABUJA,"SUITE F08, SMART BRIDGE PLAZA,1, FINGESI ROAD, UTAKO ABUJA",ABUJA,UTAKO,BRONZE,OPTICAL,,
2342805,Model Eye Clinic,"Suite A5 Mazado Plaza, plot 8 Shettima Monguno Crescent Utako, Abuja",ABUJA,UTAKO,BRONZE,OPTICAL,,
2341385,All About Eyes,"Off 3rd Avenue, GWARINPA",ABUJA,GWARINPA,PLATINUM,OPTICAL,,
2344200,VETTA EYE CLINIC,"PLOT 88 PA IMAODU STREET, GROUND FLOOR, RUBY CUBE MALL BESIDE H MEDIX 3RD AVENUE GWARIMPA",ABUJA,GWARIMPA,BRONZE,OPTICAL,,
2342810,Zimah Eye Care,"Suite 209, Pall Mall 4th Avenue GWARINPA Abuja",ABUJA,GWARINPA,BRONZE,OPTICAL,,
2342515,FIRST VISION EYE CLINIC,B2 FAITH PLAZA BESIDE MAXCARE MART ALONG LOKOGOMA EXPRESSWAY ABUJA,ABUJA,APO,BRONZE,OPTICAL,,
2341197,FLORIDA EYE CLINIC,"AMMA HOUSE PLOT 432, YAKUBU PAM STREET, OPPOSITE NATIONAL HOSPITAL, CENTRAL BUSINESS DISTRICT",ABUJA,CBD,SILVER,OPTICAL,,
2341356,Happy Eyes Clinic,"SUITE 11 EXTENSION JENIFA PLAZA, OPP. BECK TOWERS, SAMUEL ADEMOLEGUN STREET, CENTRAL AREA, ABUJA",ABUJA,CBD,BRONZE,OPTICAL,,
2341386,East Vision Eye Centre,"Shop 30 Blessed Plaza, opp Customs Qtrs, Karu Site",ABUJA,KARU,BRONZE,OPTICAL,,
2344209,EAGLES VISION OPTHALMICS LIMITED,"SUITE 20 MAZAFALLA COMPLEX OOPOSITE KARU SITE ROUND ABOUT, BESIDE ECO BANK ATM MACHINE",ABUJA,KARU,BRONZE,OPTICAL,,
2341460,CUBIC M EYE CLINIC,195 APO DUTSE ROAD OFF LADIPO DIYA WAY GUDU ABUJA,ABUJA,GUDU,SILVER,OPTICAL,,
2341762,TULSI CHANRAI FOUNDATION EYE HOSPITAL,PLOT 505 OLADIPO DIYA WAY KUKWABA CADASTRAL ZONE PHASE 2 ABUJA,ABUJA,KUKWABA,BRONZE,OPTICAL,,
2342435,PRIMEMAX EYE CARE,"SUITE GF 008,ISRAEL PLAZA, PLOT 1077, ADETOKUNBO ADEMOLA CRESCENT(OPPOSITE KOKKIES MALL) WUSE 2",ABUJA,ASOKORO,BRONZE,OPTICAL,,
2342859,SWISS VISION EYE CLINIC,"H-MEDIX, YAKUBU GOWON CRESCENT, ABUJA",ABUJA,ASOKORO,BRONZE,OPTICAL,,
2342763,RAYFIELDS EYE CARE LTD,Suite BA5 Apo Sparklight Mall Mohammed Umar Lane Opp Living Faith Church Durumi Abuja,ABUJA,ABUJA,SILVER,OPTICAL,,
2344065,SMARAY EYE CENTRE ABUJA,"Al-Amin Mall, Lugbe, FCT",ABUJA,LUGBE,BRONZE,OPTICAL,,
2344176,NADERK EYE CLINIC,PLOT 16 PREMIAL ACADEMY CRESCENT ADJACENT TO KING OF KING SCHOOL FHA LUGBE,ABUJA,LUGBE,BRONZE,OPTICAL,,
2341279,POSHEL EYE CLINIC AND OPTICAL SERVICES,"SHOP A5, AZAGIDI PLAZA, GADO NASKO WAY 2/1 KUBWA",ABUJA,KUBWA,BRONZE,OPTICAL,,
2343747,BLOSSOM VISION EYE CLINIC,"INSIDE EXCEL SPECIALIST HOSPITAL, BEHIND GLOWING AGES ACADEMY, KAURA DISTRICT ",ABUJA,KAURA,BRONZE,OPTICAL,,
2343928,U AND I EYE ASSOCIATES,"HOUSE 18A STREET A, BEHIND MTN MAST, OPPOSITE POLICE STATION, LOW COST KUJE",ABUJA,KUJE,BRONZE,OPTICAL,,
2344208,ROSE OF SHARON EYE CLINIC,"PLOT 67 GADO NASKO, BESIDE FIRST BANK KUBWA, ABUJA",ABUJA,KUBWA,BRONZE,OPTICAL,,
2343747,BLOSSOM VISION EYE CLINIC,"GARNET MEDICAL CENTRE, 53B NORTHSTAR GARDEN, LDAKWO DISTRICT, LOKOGOMA DISTRICT",ABUJA,LOKOGOMA,BRONZE,OPTICAL,,
2344309,SKIPPER EYE Q SUPER SPECIALTY EYE HOSPITAL,"NO 2A UDO UDOMA STREET, ASOKORO ABUJA",ABUJA,ASOKORO,SILVER,OPTICAL,,
2344373,FAVOURITE OPTOMETRY EYE CLINIC LTD,"Police Hospital Area 1,Garki AND Suit F- 18 ,Lokogoma Plaza Opposite Nzube Estate, Lokogoma",ABUJA,GARKI,BRONZE,OPTICAL,,
2344235,CENTRAL VISION EYE CLINIC,"Suite GF1-3 Iya Magira plaza, plot 22 AE Ekuinam street, opposite utako market FCT Abuja",ABUJA,UTAKO,BRONZE,OPTICAL,,
2344326,CHIZY CONSULT EYE CLINIC,"NO 11 EMBU STREET, WUSE 2",ABUJA,WUSE,BRONZE,OPTICAL,,
,SMARAY EYECARE ,SUITE 5 MANGAL PLAZA FCDA AREA 11,ABUJA,GARKI,BRONZE,OPTICAL,,
2342702,KKMAT EYE CLINIC,SHOP 203 SAMFA PLAZA NDOLA CRESENT OPPOSITE OLD CAC WUSE ZONE 5 IBRO HOTEL ABUJA,ABUJA,WUSE,BRONZE,OPTICAL,,
2344082,OCULUS PRIME EYE CARE,"No 48 Samuel Ladoke Akintola Boulevard Garki 2,Abuja",ABUJA,GARKI,BRONZE,OPTICAL,,
2344044,EYEGLOW VISION CLINIC,Aminasia trade center opp kilimanjaro aminu kano crescent wuse 2,ABUJA,WUSE,GOLD,OPTICAL,,
2340467,MALDOR EYECARE CENTRE,38 GANA STREET MAITAMA,ABUJA,MAITAMA,BRONZE,OPTICAL,,
2340727,ROYAL EYE HOSPITAL,"PLOT 680 JORDAN CLOSE, OFF SUSAN ADOBA STREET, LIFE CAMP, OPP FISH MARKET BY KENOLI PLAZA",ABUJA,LIFE CAMP,GOLD,OPTICAL,,
,,,,,,,,
2340913,FIMAT EYE CLINIC,No 40 NTA Mgbuoba opposite Mgbuoba Market Port-Harcourt,RIVERS,PORT HARCOURT,BRONZE,OPTICAL,,
2342728,SPECTRUM EYE CLINIC,"customary court of appeal, Old Aba road, Port Harcourt",RIVERS,PORT HARCOURT,BRONZE,OPTICAL,,
2343187,PRECIOUS EYE CLINIC,"SUIT 7,NAWFIA PLAZ,EAST-WEST ROAD,RUMUDARA,PORTHARCOURT",RIVERS,PORT HARCOURT,BRONZE,OPTICAL,,
2345025,Linsolar Eye Clinic,"14 NTA/Ozuoba Road, Ozuoba, Port harcourt",RIVERS,PORT HARCOURT,BRONZE,OPTICAL,,
2344230,LUXTERRA EYE CLINIC,"Suite 22, hilltop Plaza, Trans-Woji Road, Port Harcourt Rivers Nigeria",RIVER,PORT HARCOURT,BRONZE,OPTICAL,,
2343909,SURE EYES CLINIC AND OPTICAL SERVICE,"269 PIPELINE, RUMUAGHOLU,OPPOSITE JBECS ALUMINIUM OFF NEW AIRPORT ROAD",RIVERS,PORT HARCOURT,BRONZE,OPTICAL,,
2340001,DOXA EYE CLINIC,"319 ABA ROAD, OPPOSITE MTN OFFICE, OIL MILL",RIVERS,PORT HARCOURT,BRONZE,OPTICAL,,
2340305,C AND C OPTICIANS,"638, KING PERRKULE STR, GRA PHASE 2",RIVERS,PORT HARCOURT,BRONZE,OPTICAL,,
2340307,GARET EYE CLINIC LTD,"61A, ABA RD",RIVERS,PORT HARCOURT,BRONZE,OPTICAL,,
2340308,LAVINDA EYE SPECIALIST HOSPITAL,"OMURBO CLOSE, OFF CAMPBELL AVENUE OFF PETER ODILI ROAD PORT HARCOURT",RIVERS,PORT HARCOURT,BRONZE,OPTICAL,,
2340309,MORNING STAR EYE CLINIC,"67, RUMUOLA RD, GITTELE DREW HOUSE",RIVERS,PORT HARCOURT,BRONZE,OPTICAL,,
2340310,TRUVISION EYE CARE CENTRE,"Opposite Skybank, 112 Aba Road, Nkpogu, Port Harcourt",RIVERS,PORT HARCOURT,BRONZE,OPTICAL,,
2340377,CYNARD EYE CLINIC,"Plot 85/86 FHA, beside Dietams International School, Odili Road, Trans Amadi, Port Harcourt",RIVERS,PORT HARCOURT,BRONZE,OPTICAL,,
2340408,PERFECT SIGHT LIMITED,"VICON HOUSE, 80 STADIUM ROAD, PORT HARCOURT",RIVERS,PORT HARCOURT,BRONZE,OPTICAL,,
2340425,OPTI CARE EYE CLINIC,"PLOT 19 STADIUM ROAD,",RIVERS,PORT HARCOURT,BRONZE,OPTICAL,,
2340621,THE EYE SURGERY AND LASER CENTRE,5 Obanoban Street Off Evo Road GRA Phase II Port-Harcourt Rivers State,RIVERS,PORT HARCOURT WOJI TOWN,PLATINUM,OPTICAL,,
2340653,OPTI VUE EYE CLINIC LIMITED,"3,OBODO STREET,OLD GRA, PORT HARCOURT",RIVERS,PORT HARCOURT,BRONZE,OPTICAL,,
2340679,PAN OJ OPTICAL,"63 MISSION ROAD,BONNY ROUNDABOUT,BONNY ISLAND,RIVERS STATE.",RIVERS,PORT HARCOURT,BRONZE,OPTICAL,,
2340718,VONNIE VISION EYECARE,CLOSE8 PLOT 2B ELEKAHIA HOUSING ESTATE,RIVERS,PORT HARCOURT,BRONZE,OPTICAL,,
2340755,PLATINUM EYE CARE,"80A DR PETER ODILI ROAD, TRANS AMADI",RIVERS,PORT HARCOURT,BRONZE,OPTICAL,,
2340823,THE OPHTHALMIC SPECIALIST LIMITED,"9 EVO ROAD, GRA, PHASE 2",RIVERS,PORT HARCOURT,SILVER,OPTICAL,,
2340935,JOSPHINNS EYE CLINIC,NO 14 KHANA STREET DLINE OFF OLU OBASANJO ROAD PORT HARCOURT,RIVERS,PORT HARCOURT,BRONZE,OPTICAL,,
2340940,DOMINION OPTOMETRY CLINIC,NO 8 OLD ABA ROAD RUMUOGBA PORT HARCOURT,RIVERS,PORT HARCOURT,BRONZE,OPTICAL,,
2340951,ANUZI EYE CLINIC,"309 OLD REFINERY ROAD ELELENWO, PORT HARCOURT",RIVERS,PORT HARCOURT,BRONZE,OPTICAL,,
2340972,BERACCA EYE CLINIC LTD PH,NO 9 RUMUOGBA ESTATE PH,RIVERS,PORT HARCOURT,BRONZE,OPTICAL,,
2341083,OPTOVILLE EYE CARE LTD,94 PSYCHIATRIC HOSPITAL ROAD RUMUOROSI PORT HARCOURT,RIVERS,PORT HARCOURT,BRONZE,OPTICAL,,
2341088,VISION CARE EYE CLINIC,"PLOT 131/132 STADUIM ROAD ,RUMUMASI",RIVERS,PORT HARCOURT,BRONZE,OPTICAL,,
2341112,RAMBOD OPTOMETRY PRACTICE,5 AGUDAMA STREET D/LINE PORT HARCOURT,RIVERS,PORT HARCOURT,BRONZE,OPTICAL,,
2341219,DANIC VISIONS EYE CARE,56 IWOFE ROAD OFF ADA GEORGE /WOFE JUNCTION BY PEPPERONI RUMUEPIRIKOM,RIVERS,PORT HARCOURT,BRONZE,OPTICAL,,
2341223,DISTINCT VISION EYE CLINIC,17 OHIAMINI PSYCHIATRIC HOSPITAL ROAD BESIDE ETERNA FILLING STATION RUMUIGBO,RIVERS,PORT HARCOURT,BRONZE,OPTICAL,,
2341237,NOVELTY EYE CARE,NO 2 LIFT-UP CLOSE OFF EZE GBAKAGBAKA WOJI PORT HARCOURT,RIVERS,PORT HARCOURT,BRONZE,OPTICAL,,
2341341,CITY SPECIALIST EYE CLINIC AND SURGERY,PLOT 133 NLNG ROAD NEAR AMADI AMA ROUND ABOUT PORT HARCOURT,RIVERS,PORT HARCOURT,BRONZE,OPTICAL,,
2341345,SIGHT CARE CONSULT LIMITED,ADA GEORGE ROAD OPPOSITE PRISCILLIA COURT BY BAKERY BUS STOP,RIVERS,PORT HARCOURT,BRONZE,OPTICAL,,
2341375,AUXANO EYE CLINIC,21 OLD ABA ROAD BESIDE TOTAL FILLING STATION,RIVERS,PORT HARCOURT,BRONZE,OPTICAL,,
2341421,OPTIVUE EYECARE LTD,"3 IGBODO STREET, OLD GRA PORT HARCOURT",RIVERS,PORT HARCOURT,BRONZE,OPTICAL,,
2341541,PENNUEL EYE CLINIC,278 PH/ABA EXPRESS WAY OPPOSITE SHELL RESIDENTIAL AREA /RUMUOKWURUSI BUS STOP,RIVERS,PORT HARCOURT,BRONZE,OPTICAL,,
2341556,BERYL EYE CARE LTD,NO 5 ADC CLOSE OFF ADA GEORGE ROAD PORT HARCOURT,RIVERS,PORT HARCOURT,BRONZE,OPTICAL,,
2341586,CEDAR EYE CLINIC,HEALTH BRIDGE COMPLEX ABACHA ROAD G.R.A PH,RIVERS,PORT HARCOURT,BRONZE,OPTICAL,,
2341630,PHOTIZO EYE CLINIC,"NO 7 OGBUGA STREET, OFF EASTERN BY PASS OGBUNABALI",RIVERS,PORT HARCOURT,BRONZE,OPTICAL,,
2341747,AUSPRON EYE CLINIC,DIAMOND PLAZA OPPOSITE PRIMARY ELIMGBU STREET,RIVERS,PORT HARCOURT,BRONZE,OPTICAL,,
2342062,FORNNEX EYE CLINIC,"94 OBI WALI ROAD, RUMUIGBO PORT HARCOURT",RIVERS,PORT HARCOURT,BRONZE,OPTICAL,,
2342545,MOORFIELD OPTOMETRY,NO 9 GLORY CLOSE ELIOZU AIR FORCE NEW LAYOUT RUKPAKWULUSI,RIVERS,PORT HARCOURT,BRONZE,OPTICAL,,
2342694,PEARLMINE EYE CARE LIMITED,"59 Market Road, Rumuomasi",RIVERS,PORT HARCOURT,BRONZE,OPTICAL,,
2342994,GRACEJERRY EYE CARE CENTRE,"4 PROF OKUJAGU STREET, OPP DOXA JUNCTION, OFF PETER ODILI ROAD, PORT HARCOURT",RIVERS,PORT HARCOURT,BRONZE,OPTICAL,,
2342783,VIEW FINDERS EYE CLINIC,AMAZING GRACE PLAZA 103 WOJI ROAD PORT HARCOURT,RIVERS,PORTHARCOURT,BRONZE,OPTICAL,,
2343191,JE- SOLZ EYE CENTER,"PLOT 130 RUMUOGBA HOUSING ESTATE, OPP. MINI OKORO POLICE STATION",RIVERS,PORTHARCOURT,BRONZE,OPTICAL,,
2343358,FLOMAT EYECARE,222 ABA ROAD BESIDE SLOT WATERLINES,RIVERS,PORTHARCOURT,BRONZE,OPTICAL,,
2343776,SIGHTWAY EYECARE AND OPTICAL SERVICES LTD,8 WOJI ESTATE ROAD,RIVERS,PORTHARCOURT,BRONZE,OPTICAL,,
2343779,LOTAG EYE CLINIC,"274 EVENT CENTRE, 111 AIRPORT ROAD, OPP MATRIX FILLING STATION, RUMUODUMAYA",RIVERS,PORTHARCOURT,BRONZE,OPTICAL,,
2343809,PRISTINE EYECARE LTD,"PLOT 12 TIMOTHY LANE, RUMUOLA",RIVERS,PORTHARCOURT,BRONZE,OPTICAL,,
2343799,EYECARE CLINIC AND CONSULTANTS,42A ROAD 1 AGIP HOUSING ESTATE,RIVERS,PORTHARCOURT,BRONZE,OPTICAL,,
2343796,VIXION HOME EYE CLINIC,"0 ODILI RD, TRANS AMADI",RIVERS,PORTHARCOURT,BRONZE,OPTICAL,,
2343794,BEULAH EYECARE SERVICES AND CONSULTANTS,"3 BONS AVENUE, RUMUOGBA",RIVERS,PORTHARCOURT,BRONZE,OPTICAL,,
2344236,THE PEGASUS EYE CLINIC,"HOUSE 6,SECOND STREET, ELEKAHIA HOUSING ESTATE",RIVERS STATE,PORTHARCOURT,BRONZE,OPTICAL,,
2344212,AMAZON EYE CLINIC,"PARAGON CLINIC,#3 COVENANT ESTATE RUMUOKWURUSHI BEHIND SHELL RA",RIVERS,PORTHARCOURT,BRONZE,OPTICAL,,
2344136,PERFECT IMAGE EYE CARE,9B ELIGBAM ROAD OFF RUMUOLA ROAD PORTHARCOURT INSIDE IMAGE DIAGNOSTICS,PRIVERS STATE,PORTHARCOURT,BRONZE,OPTICAL,,
2344205,MAIN VISION EYE CLINIC,"EJIMS PLAZA, 13 TRANS AMADI LAYOUT RUMUOBIOKANI",RIVERS ,PORTHARCOURT,BRONZE,OPTICAL,medofeyeclinic@gmail.com;,7033678499
2344334,OLIVET EYE CLINIC LIMITED,"312 IKWERRE ROAD BY MARKET JUNCTION, MILE 4, PORTHARCOURT",RIVERS STATE,PORTHARCOURT,BRONZE,OPTICAL,,
2344482,BITSOM EYE HOSPITAL,"4 NEMBE ROAD,RUMUIBEKWE ESTATE,PORTHARCOURT",RIVERS STATE,PORTHARCOURT,BRONZE,OPTICAL,,
2341468,SIGHTCARE CONSULT,"ADA GEORGE ROAD, OPPOSITE PRICILLIA COURT, CLOSE TO BAKERY BUS STOP",RIVERS,PORTHARCOURT,BRONZE,OPTICAL,,
2342958,C GREEN EYE CARE,"129 NTA Road Mgbuoba, opposite Bobby fuel station",RIVERS,PORTHARCOURT,BRONZE,OPTICAL,,
2343644,VISION EXPERTS EYE CLINIC PORT HARCOURT,19 RUMUADAOLU MARKET OFF EVERYDAY EMPORIUM RUMUOLA,RIVERS,PORTHARCOURT,BRONZE,OPTICAL,,
,,,,,,,,
2345214,MEDOF EYE CLINIC UGHELLI,"19 ULOHO AVENUE INSIDE UFOR CLINIC COMPOUND OFF ISOKO RD, UGHELLI, UGHELLI NORTH DELTA STATE",UGHELLI,DELTA,BRONZE,OPTICAL,,
2340609,SOTERIA EYE,"28 KOTIE STREET, OFF OKUMAGBA AVENUE",DELTA,WARRI,BRONZE,OPTICAL,,
2340939,ROMEE EYE CLINIC LIMITED,NO 4 OKUMAGBA AVENUE BY OLOMU JUNCTION OPPOSITE TOTAL FILLING STATION WARRI,DELTA,WARRI,BRONZE,OPTICAL,,
2341135,ABELO EYE CLINIC,"114, WARRI/SAPELE ROAD, WARRI",DELTA,WARRI,BRONZE,OPTICAL,,
2341666,TETARA EYE CLINIC,52/91/AIRPORT ROAD OPPOSITE ST MARY'S JUNCTION,DELTA,WARRI,BRONZE,OPTICAL,,
2340044,FLOMAT EYE CLINIC,"104, AIRPORT ROAD ,WARRI",DELTA,WARRI,BRONZE,OPTICAL,,
2340050,DDS EYE CENTRE AND SURGERY,"34, AIRPORT ROAD",DELTA,WARRI,BRONZE,OPTICAL,,
2341749,EYEMED EYECARE,"SUITE 13, PLATO PLAZA DBS ROAD OFF SUMMIT ROAD",DELTA,ASABA,BRONZE,OPTICAL,,
2342597,OPTOLEC EYE CARE SERVICES,"DON MON PLAZA, 42 SUMIT",DELTA,ASABA,BRONZE,OPTICAL,,
2342637,GIFTEDHANDS OPTICAL CENTRE,"NO 44 DENNIS OSADEBE WAY ASABA; NO 4. Fear God Street, Opposite Blssed Plastics , Bonsac,Asaba",DELTA,ASABA,BRONZE,OPTICAL,,
2340610,AILEN EYE CLINIC,"395 NNEBISI ROAD, LION HOSUE, ASABA",DELTA,ASABA,BRONZE,OPTICAL,,
2340758,ST STEPHEN SPECIALIST EYE CLINIC,314 UGHELLI PATANI ROAD,DELTA,UGHELLI,BRONZE,OPTICAL,,
2343778,MYKE EYE CLINIC,28 UMUSADEGE ROAD,DELTA,ASABA,BRONZE,OPTICAL,,
 , , , , , , ,,
2340746,CEE JAY VISION CENTRE,"7 EKPO OBOT STREET, UYO",AKWA IBOM,UYO,BRONZE,OPTICAL,,
2340768,SAN DOMINIQUE HOSPITAL AND EYE CENTER,"PLOT 1, M LINE, EWET HOUSING ESTATE",AKWA IBOM,UYO,BRONZE,OPTICAL,,
2340840,CEEJAY VISION CENTRE,"7, EKPO OBOT STREET,OFF ORON ROAD,UYO. AKWA IBOM",AKWA IBOM,UYO,BRONZE,OPTICAL,,
2340984,ZERAH EYE CLINIC,103 IBOM LAYOUT OPPOSITE LIVING FAITH CHURCH,AKWA IBOM,UYO,BRONZE,OPTICAL,,
2341189,MAJESTY EYE CLINIC,60 WELLINGTON BASSEY WAY,AKWA IBOM,UYO,BRONZE,OPTICAL,,
2341743,ZERAH INT'L EYE HOSPITAL,"NO 14 OBONG STREET, OFF IBB WAY OPPOSITE E- LIBRARY",AKWA IBOM,UYO,BRONZE,OPTICAL,,
2342764,ALPHA VISION INTERNATIONAL EYE CENTER,NO 2 UDOSEN UKO STREET OFF NWANIBA ROAD,AKWA IBOM,UYO,BRONZE,OPTICAL,,
2343324,CRISPVISION EYE CLINIC,"23B UQUA ROAD, EKET",AKWA IBOM,EKET,BRONZE,OPTICAL,,
,,,,,,,,
 , , , , , , ,,
2342829,MAXIVIEW EYE CLINIC,"226, Murtala Mohammed way, opposite Saidi Centre",EDO,BENIN,BRONZE,OPTICAL,,
2340695,PRIME OPTICAL AND EYE CLINIC,72 IHAMA ROAD GRA BENIN CITY,EDO,BENIN,BRONZE,OPTICAL,,
2341594,MAXITYFRAMES AND MEDICALS LIMITED,NO 137 SAPELE ROAD OPPOSITE NPDC,EDO,BENIN,BRONZE,OPTICAL,,
2341750,MAYOS EYE CLINIC,NO 3 TRIANGLE AVENUE BETWEEN URUBI AND WIRE ROAD,EDO,BENIN,BRONZE,OPTICAL,,
2340540,DANIEL AND DAVID EYE,"NO 71, FIRST UGBOR ROAD, OFF UGBOR VILLAGE, GRA",EDO,BENIN,BRONZE,GENERAL,,
2343173,LOZI PRAISE VISION CARE AND OPTICAL SERVICES,"236, Ugbowo-Lagos Road, Edo Nigeria",EDO,BENIN,BRONZE,OPTICAL,,
,,,,,,,,
2345094,Visionmedix Eye care,"no 27 sulieman barau road,opposite delight hospital suleja. Suleja, Suleja, Niger, Nigeria",NIGER,SULEJA,BRONZE,OPTICAL,,
,,,,,,,,
2345047,Saudi Optical and Eye Services,"Shop B-13 Rafawa Shooping Complex, Yandoka Road, Bauchi Yola doka Bauchi Bauchi ",BAUCHI,BAUCHI,BRONZE,OPTICAL,,
,,,,,,,,
2341512,FLOURISH CARE EYE CLINICS,NO 55 NIKITON ROAD KPANSIA,BAYELSA,YENAGOA,BRONZE,OPTICAL,,
2341700,JAMIKS EYE CENTER AND OPTICAL SERVICES,"SUITE 2D MELFORD OKILO WAY OPPOSITE ST JUDES GIRLS SECONDARY SCHOOL ,AMARATA",BAYELSA,YENAGOA,BRONZE,OPTICAL,,
 , , , , , , ,,
2340067,NIGER OPTICAL CENTRE LIMITED,"39, ZIK AVENUE",ENUGU,UWANI,BRONZE,OPTICAL,,
2340603,THE EYE SPECIALIST HOSPITAL,"11 CHURCH VIEW, GRA, ENUGU",ENUGU,ENUGU,BRONZE,OPTICAL,,
2340752,EYE ZONE LIMITED,No. 13 ifite ukpo street new Haven by Sabbath bus stop.,ENUGU,ENUGU,BRONZE,OPTICAL,,
2343170,LEGEND EYE CLINIC,"450 Ogui Road, Swissgarde Plaza, opposite Otigba Gardens, Enugu",ENUGU,ENUGU,BRONZE,OPTICAL,,
2343789,CRYSTAVIEW EYE SERVICES,"4 OK DALLAS BLVD, PASCAN JAKE, INDEPENDENCE LAYOUT",ENUGU,ENUGU,BRONZE,OPTICAL,,
2344187,HELENA EYE CARE,"14, Hospital Avenue, GRA, Enugu",Enugu,ENUGU,Bronze,Opticals,,
2341159,SPRINGFIELD EYE CARE,"200, AGBANI ROAD, BESIDE MAYOR BUS STOP",Enugu,ENUGU,Bronze,Opticals,,
,,,,,, ,trinityeyeclinic@gmail.com,8068240358
2340419,METRO EYES LIMITED IBADAN,"1st Floor No. 42 Kenneth Dike Road (Secretariat road), Favos B-stop, Bodija",OYO,IBADAN,BRONZE,OPTICAL,,
2340426,FULL VISION OPTOMETRY CLINIC,4 EGUNJEMI STREET ACB BUILDING DUGBE ALAWO,OYO,IBADAN,BRONZE,OPTICAL,,
2341296,FORESIGHT SPECIALIST EYE CLINIC,14 AWOSIKA AVENUE OLD BODIJA,OYO,IBADAN,BRONZE,OPTICAL,,
2342806,SHARPVIEW OPTOMETRIC CLINIC,"64, LAGOS ROAD, ELEWURA BUS STOP, CHALLENGE, IBADAN",OYO,IBADAN,BRONZE,OPTICAL,,
2344130,SIGHT FOR LIFE EYE CENTRE,"#33 ROAD,19 HOUSING COOPERATION ESTATE AKOBO",OYO,IBADAN,BRONZE,OPTICAL,,
2342921,TRINITY OPTOMETRY CLINIC,"18 MKO ABIOLA WAY, BOLUMOLE JUCTION, CHALLENGE IBADAN",OYO,IBADAN,BRONZE,OPTICAL,,
,,,,,,,,
2340002,LIVING WORD MISSION EYE CLINIC,"7, UMUOCHAM RD, OFF ABA OWERRI RD",ABIA,ABA,BRONZE,OPTICAL,,
2341601,EXCEL GLOBAL EYE CLINIC,"22 TENANT ROAD ,ABA",ABIA,ABA,BRONZE,OPTICAL,,
2342847,GLOBAL EYE CLINIC,140 Aba-Owerri road inside Rufus Obi Chemist Ltd,ABIA,ABA,BRONZE,OPTICAL,,
2341450,PARTAKERS EYE CLINIC,30 MACAULEY /AZIKWE ROAD,ABIA,UMUAHIA,BRONZE,OPTICAL,,
,,,,,,,,
2342965,PEROFAK EYE CLINIC LIMITED OWERRI,"no 7 workslayout owerri imo state,imsu junction Imo Nigeria",IMO,OWERRI,BRONZE,OPTICAL,,
2340088,CAMELA EYE CENTRE,"126, OKIGWE RD",IMO,OWERRI,BRONZE,OPTICAL,,
2340646,SHEERAH VISION EYE CLINIC,"1 UMEZ-ERONINI STREET, IKENEGBU LAYOUT",IMO,OWERRI,BRONZE,OPTICAL,,
2340771,SILVERSPRING EYECARE LTD,"PLOT 12 IKENEGBU EXTENSION, OFF MCC ROAD, BY LODAN BUS STOP, OWERRI",IMO,OWERRI,BRONZE,OPTICAL,,
 , , , , , , ,,
2340712,FIRST OPTICIANS EYE CLINIC,NO 35 ZOO ROAD OPP NITEL CALL OFFICE,KANO,KANO,BRONZE,OPTICAL,,
2340961,RAYSIGHT EYE CLINIC,"SUITE 5, BABA PLAZA, AUDU BAKO WAY",KANO,KANO,PLATINUM,OPTICAL,,
2345201,ECWA EYE HOSPITAL,No1 mission road Daura Karaye Kano Nigeria,KANO,KANO,PLATINUM,OPTICAL,,
,,,,,,,,
2343965,DAY CRYSTAL CLINIC AND MATERNITY,6A MAKERA ROAD KAKURI KADUNA,KADUNA,KADUNA,BRONZE,OPTICAL,,
 , , , , , , ,,
2342914,OLA OLUWA EYE CLINIC,"A5/32 , Hospital Road, Opp. O.O.U.T.H, Sagamu, Ogun State.",OGUN,SAGAMU,BRONZE,Optical,,
2340812,ELOHIM EYE SPECIALIST CLINIC,ABIOLA WAY NEAR MADOJUTIMI RESTAURANT,OGUN,ABEOKUTA,BRONZE,OPTICAL,,
2340855,METRO EYES OTA,"89 IDIROKO ROAD, JOJU ROUNDABOUT, BEHIND CKC HOSPITAL, SANGO, OTA",OGUN,SANGO OTTA,BRONZE,OPTICAL,,
2342735,EFE IGHO OPTICIANS AND EYE CLINIC,41 TINUBU STREET BESIDE AROCOM ITA EKO ABEOKUTA,OGUN,ABEOKUTA,BRONZE,OPTICAL,,
2342953,SCORPIO VISION LIMITED,"47,Olusegun Osoba road, Oke-ile Abeokuta",OGUN,ABEOKUTA,Bronze,OPTICAL,,
 , , , , , , ,,
2340930,NIGER OPTICAL SERVICES CO.NIG LTD,NO 8 OWERRI ROAD NNEWI ANAMBRA STATE,ANAMBRA,ONITSHA,BRONZE,OPTICAL,,
2341000,HEPHZIBAH EYE CLINIC ANAMBRA,"40 HIGH COURT ROAD BY AWKA ,ANAMBRA STATE",ANAMBRA,AWKA,BRONZE,OPTICAL,,
2342900,IVORY EYE CLINIC,"Suite FF3 Pacific Complex, No. 9 Awka Road,Onitsha, Anambra State.",ANAMBRA,AWKA,BRONZE,OPTICAL,,
2343188,LIHA EYE CLINIC,"ALONG ZIKS AVENUE,NEAR FINOTEL HOTEL,AGU-AWKA",ANAMBRA,AWKA,BRONZE,OPTICAL,,
 , , , , , , ,,
2341134,BENITA EYE CLINIC,"10, MAYNE AVENUE, CALABAR",CROSS RIVER,CALABAR,BRONZE,OPTICAL,,
2341467,GRACEVIEW EYE CLINIC,79 ETTA AGBOR ROAD,CROSS RIVER,CALABAR,BRONZE,OPTICAL,,
2342967,ST CECILIA EYE CLINIC,"VENETIAN MALL, MURTALA MOHAMMED HIGHWAY, CALABAR",CROSS RIVER,CALABAR,BRONZE,OPTICAL,,
2343810,MEGO VISION,54 NDIDEM USANG ISO ROAD,CROSS RIVER,CALABAR,SILVER,OPTICAL,,
2342967,ST CECILIA EYE CLINIC,"VENETIAN MALL, MURTALA MOHAMMED HIGHWAY, CALABAR",CROSS RIVER,CALABAR,BRONZE,OPTICAL,,
,,,,,,,,
2344064,EYEAFRIK VISION CENTRE LTD,"Suite 6, Krystal Plaza, Lokongoma, Phase1, Lokoja, Kogi State.",KOGI,LOKOJA,Bronze,Optical,"Dumon House,122 Hospital Road opposite Acquinas college gate,Akure",
2343153,EYEZ ALIVE EYE CLINIC,"SUITE 12, GOSHEN PLAZA OPPOSITE OLD LIVING FAITH JUNCTION LOKONGOMA PHASE 1",KOGI,LOKOJA,BRONZE, ,,
2341474,LIGHTHOUSE MEDICAL EYE AND SPECIALIST LASER CENTRE,KOGI HOTEL ROUND ABOUT GRA LOKOJA,KOGI,LOKOJA,BRONZE,OPTICAL,,
2341738,CAREWELL EYE CLINIC LTD,NO 6 SALIU IBRAHIM ROAD OPPOSITE DEPUTY GOVERNOR OFFICE LOKOJA KOGI STATE,KOGI,LOKOJA,BRONZE,OPTICAL,,
2344050,DANDARS SPECIALIST EYE CLINIC LOKOJA,"GAIN PLAZA NO 2 MARINE ROAD, OPP NIWA RESTAURANT, LOKOJA",KOGI,LOKOJA,BRONZE,OPTICAL,,
 , , , , , , ,,
2340849,BRITAVIEW EYE CLINIC,"102A HOSPITAL ROAD, AKURE",ONDO,AKURE,BRONZE,OPTICAL,,
2341542,TIM UNITY SPECIALIST HOSPITAL AND EYE CLINIC LIMITED,"OKE ORIRE CLOSE OPPOSITE FCMB OLUKAYODE HOUSE, OLUWATUYI ROAD, AKURE, ONDO STATE",ONDO,AKURE,COBALT,OPTICAL,,
,,,,,,,,
2344118,EMMANUEL SPECIALISTS HOSPITAL ILE IFE,"E27  Obayemi street, Agborogboro  layout,  Oranfe, Ilesha road, Ile-ife",OSUN,ILE IFE,SILVER,OPTICAL,,
 , , , , , , ,,
2342950,NIGER OPTICAL MAKURDI,No 20 J. S. Tarka Road by Benue Crescent Junction,BENUE,MAKURDI,BRONZE, ,,
,,,,,,,,
2343991,NOTIO MEDICS AND SERVICES LIMITED,"I DOT I PLAZA, NO 2 MEYERE ROAD, NARAYI HIGH COST ROAD, SOUTHERN KADUNA",KADUNA,KADUNA,BRONZE,OPTICAL,,
2340769,THELISH EYE CENTRE,"13 B LAFIA ROAD,KADUNA",KADUNA,KADUNA,BRONZE,OPTICAL,,
,,,,,,,,
2344117,JAYVIEW OPTICALS AND EYE CARE,"163 yahaya Madaki way,Opposite Mani-house,  Layout Katsina",KATSINA,KATSINA,BRONZE,OPTICAL,,
,,,,,,,,
2340733,OPEYEMI MEGA EYE CENTRE,"NO 4B AMILEGBE,SABOLINE,KWARA STATE",KWARA,ILORIN,BRONZE,OPTICAL,,
2343110,ALLURE EYECARE,"GARIN ALIMI HOSPITAL, 283 UMARU SARO ROAD, ILORIN",KWARA,ILORIN,BRONZE,OPTICAL,,
2344098,CAPSTONE LUNAR HOSPITAL,"11,bebind Iblar filling station off Taiwo road Ilorin",KWARA,ILORIN,BRONZE,OPTICAL,,
,,,,,,,,
2341454,SMARAY EYE CENTER,"NO 2 UAC ROAD, OFF JOSROAD BEHIND MOBILE FILLING STATION LAFIA NASARAWA",NASARAWA,LAFIA,BRONZE,OPTICAL,,
2343783,"MICHY CLINICAL SERVICES ,TD","SUITE 1 POWA CMPLX BY POLICE CLINIC, JOS ROAD",NASARAWA,LAFIA,BRONZE,OPTICAL,,
,,,,,,,,
2341344,Gaskiya Eye Optical Services,Sultan Abubakar Road,SOKOTO,SOKOTO,BRONZE,OPTICAL,,
 , , , , , , ,,
2344128,PALMARY EYE CONSULTANTS,TEMPLE ROAD KUFANG OFF MIANGO ROAD JOS SOUTH,PLATEAU,JOS,BRONZE,OPTICAL,,
2343787,NENBAL EYE HOSPITAL,"OPPOSITE THE FOURTH GATE DADIN KOWA BEFORE ZARMAGANDA RAYFIELD JUNCTION, JOS, ...",PLATEAU,JOS,BRONZE,OPTICAL,,
2343786,ACHILLES SPECIALIST HOSPITAL,"Gyel Lowcost, Bukuru",PLATEAU,JOS,BRONZE,OPTICAL,,
2344067,JORDAN EYE HOSPITAL JOS,"No 13 Nunku Road, Behind National Library",JOS,PLATEAU,GOLD,OPTICAL,,
2344089,PALMARY EYE CONSULTANCY CLINIC,TEMPLE ROAD KUFANG OFF MIANGO ROAD JOS SOUTH,JOS,PLATEAU,COBALT,OPTICAL,,
2342964,REXAN EYE AND LOW VISION CLINIC,PLOT 13 BISHOP DALTON PLAZA GALADIMA AMINU WAY JIMETA YOLA,ADAMAWA,YOLA,BRONZE,OPTICAL,,
2344046,BEACON EYE AND MEDICAL CONSULTS LTD,"10 Bishop Street, Malel Plaza Adjacent Nurses House, Jimeta-Yola Adamawa.",YOLA,ADAMAWA,BRONZE,OPTICAL,,